3011357,-3,386,SRQ,ATL
3011652,-3,386,SRQ,ATL
3010700,-3,386,SRQ,ATL
3010810,-3,386,SRQ,ATL
3011119,-1,386,SRQ,ATL
3021652,49,386,SRQ,ATL
3020700,-5,386,SRQ,ATL
3020815,-5,386,SRQ,ATL
3021119,3,386,SRQ,ATL
3021816,-1,386,SRQ,ATL
3021355,-2,386,SRQ,ATL
3031652,61,386,SRQ,ATL
3030700,-3,386,SRQ,ATL
3030815,-5,386,SRQ,ATL
3031119,-2,386,SRQ,ATL
3031816,56,386,SRQ,ATL
3031355,-3,386,SRQ,ATL
3041652,2,386,SRQ,ATL
3040700,5,386,SRQ,ATL
3040815,-2,386,SRQ,ATL
3041119,2,386,SRQ,ATL
3041816,-3,386,SRQ,ATL
3041355,17,386,SRQ,ATL
3051652,16,386,SRQ,ATL
3050700,-4,386,SRQ,ATL
3050815,-3,386,SRQ,ATL
3051119,0,386,SRQ,ATL
3051816,30,386,SRQ,ATL
3051355,10,386,SRQ,ATL
3061652,68,386,SRQ,ATL
3060700,-4,386,SRQ,ATL
3060815,-6,386,SRQ,ATL
3061119,10,386,SRQ,ATL
3061816,-4,386,SRQ,ATL
3061355,4,386,SRQ,ATL
3071652,6,386,SRQ,ATL
3070700,-4,386,SRQ,ATL
3070815,-2,386,SRQ,ATL
3071119,6,386,SRQ,ATL
3071816,3,386,SRQ,ATL
3071355,-1,386,SRQ,ATL
3081652,14,386,SRQ,ATL
3080700,-4,386,SRQ,ATL
3080816,-5,386,SRQ,ATL
3081119,21,386,SRQ,ATL
3081816,-6,386,SRQ,ATL
3081359,5,386,SRQ,ATL
3091652,36,386,SRQ,ATL
3090700,2,386,SRQ,ATL
3090815,-3,386,SRQ,ATL
3091119,-2,386,SRQ,ATL
3091816,3,386,SRQ,ATL
3091355,29,386,SRQ,ATL
3101652,4,386,SRQ,ATL
3100700,-5,386,SRQ,ATL
3100815,-5,386,SRQ,ATL
3101119,10,386,SRQ,ATL
3101816,34,386,SRQ,ATL
3101355,8,386,SRQ,ATL
3111652,26,386,SRQ,ATL
3110700,-4,386,SRQ,ATL
3110815,-3,386,SRQ,ATL
3111119,-3,386,SRQ,ATL
3111816,-5,386,SRQ,ATL
3111355,-3,386,SRQ,ATL
3121652,40,386,SRQ,ATL
3120700,-3,386,SRQ,ATL
3120815,-3,386,SRQ,ATL
3121119,-5,386,SRQ,ATL
3121816,-3,386,SRQ,ATL
3121355,-6,386,SRQ,ATL
3131652,126,386,SRQ,ATL
3130700,-4,386,SRQ,ATL
3130815,-5,386,SRQ,ATL
3131119,8,386,SRQ,ATL
3131816,2,386,SRQ,ATL
3131355,0,386,SRQ,ATL
3141652,159,386,SRQ,ATL
3140700,-4,386,SRQ,ATL
3140815,-3,386,SRQ,ATL
3141119,-4,386,SRQ,ATL
3141816,1,386,SRQ,ATL
3141355,-1,386,SRQ,ATL
3151652,-5,386,SRQ,ATL
3150700,-2,386,SRQ,ATL
3150816,-5,386,SRQ,ATL
3151119,-2,386,SRQ,ATL
3151816,-4,386,SRQ,ATL
3151359,-4,386,SRQ,ATL
3161652,61,386,SRQ,ATL
3160700,-3,386,SRQ,ATL
3160815,288,386,SRQ,ATL
3161119,2,386,SRQ,ATL
3161816,46,386,SRQ,ATL
3161355,3,386,SRQ,ATL
3171652,30,386,SRQ,ATL
3170700,-2,386,SRQ,ATL
3170815,-2,386,SRQ,ATL
3171119,20,386,SRQ,ATL
3171816,13,386,SRQ,ATL
3171355,18,386,SRQ,ATL
3181652,62,386,SRQ,ATL
3180700,-3,386,SRQ,ATL
3180815,-3,386,SRQ,ATL
3181119,13,386,SRQ,ATL
3181816,-1,386,SRQ,ATL
3181355,-1,386,SRQ,ATL
3191652,13,386,SRQ,ATL
3190700,-2,386,SRQ,ATL
3190815,-2,386,SRQ,ATL
3191119,-5,386,SRQ,ATL
3191816,-4,386,SRQ,ATL
3191355,-4,386,SRQ,ATL
3201652,8,386,SRQ,ATL
3200700,-3,386,SRQ,ATL
3200815,-5,386,SRQ,ATL
3201119,70,386,SRQ,ATL
3201816,-3,386,SRQ,ATL
3201355,-2,386,SRQ,ATL
3211652,-5,386,SRQ,ATL
3210700,-3,386,SRQ,ATL
3210815,-4,386,SRQ,ATL
3211119,-5,386,SRQ,ATL
3211816,35,386,SRQ,ATL
3211355,86,386,SRQ,ATL
3221652,5,386,SRQ,ATL
3220700,-4,386,SRQ,ATL
3220816,-4,386,SRQ,ATL
3221119,0,386,SRQ,ATL
3221816,3,386,SRQ,ATL
3221359,-5,386,SRQ,ATL
3231652,2,386,SRQ,ATL
3230700,1,386,SRQ,ATL
3230815,-3,386,SRQ,ATL
3231119,-2,386,SRQ,ATL
3231816,-4,386,SRQ,ATL
3231355,147,386,SRQ,ATL
3241652,12,386,SRQ,ATL
3240700,-3,386,SRQ,ATL
3240815,0,386,SRQ,ATL
3241119,6,386,SRQ,ATL
3241816,0,386,SRQ,ATL
3241355,-4,386,SRQ,ATL
3251652,9,386,SRQ,ATL
3250700,-4,386,SRQ,ATL
3250815,0,386,SRQ,ATL
3251119,-1,386,SRQ,ATL
3251816,9,386,SRQ,ATL
3251355,-5,386,SRQ,ATL
3261652,59,386,SRQ,ATL
3260700,-4,386,SRQ,ATL
3260815,-5,386,SRQ,ATL
3261119,-1,386,SRQ,ATL
3261816,30,386,SRQ,ATL
3261355,115,386,SRQ,ATL
3271652,18,386,SRQ,ATL
3270700,-4,386,SRQ,ATL
3270815,-4,386,SRQ,ATL
3271119,127,386,SRQ,ATL
3271816,8,386,SRQ,ATL
3271355,-2,386,SRQ,ATL
3281652,55,386,SRQ,ATL
3280700,-2,386,SRQ,ATL
3280815,0,386,SRQ,ATL
3281119,8,386,SRQ,ATL
3281816,35,386,SRQ,ATL
3281355,1,386,SRQ,ATL
3291652,413,386,SRQ,ATL
3290700,-2,386,SRQ,ATL
3290816,-4,386,SRQ,ATL
3291119,1,386,SRQ,ATL
3291816,20,386,SRQ,ATL
3291359,93,386,SRQ,ATL
3301652,16,386,SRQ,ATL
3300700,-5,386,SRQ,ATL
3300815,3,386,SRQ,ATL
3301119,-4,386,SRQ,ATL
3301816,0,386,SRQ,ATL
3301355,-2,386,SRQ,ATL
3311652,-4,386,SRQ,ATL
3310700,-3,386,SRQ,ATL
3310815,-3,386,SRQ,ATL
3311119,-1,386,SRQ,ATL
3311816,1,386,SRQ,ATL
3311355,2,386,SRQ,ATL
3010710,1,421,STL,ATL
3010600,-5,421,STL,ATL
3011256,-2,421,STL,ATL
3011132,-6,421,STL,ATL
3011545,-6,421,STL,ATL
3020600,0,421,STL,ATL
3021710,-3,421,STL,ATL
3021257,-4,421,STL,ATL
3021132,15,421,STL,ATL
3021911,-12,421,STL,ATL
3021545,8,421,STL,ATL
3020932,2,421,STL,ATL
3020700,0,421,STL,ATL
3030600,-2,421,STL,ATL
3031710,47,421,STL,ATL
3031256,-5,421,STL,ATL
3031132,-8,421,STL,ATL
3031905,-6,421,STL,ATL
3031545,-5,421,STL,ATL
3030932,-2,421,STL,ATL
3030700,-1,421,STL,ATL
3040600,-5,421,STL,ATL
3041710,13,421,STL,ATL
3041256,-9,421,STL,ATL
3041132,-2,421,STL,ATL
3041905,-8,421,STL,ATL
3041545,-1,421,STL,ATL
3040932,-2,421,STL,ATL
3040700,0,421,STL,ATL
3050600,-7,421,STL,ATL
3051710,27,421,STL,ATL
3051256,-5,421,STL,ATL
3051132,1,421,STL,ATL
3051905,-6,421,STL,ATL
3051545,1,421,STL,ATL
3050932,-5,421,STL,ATL
3050700,-4,421,STL,ATL
3060600,61,421,STL,ATL
3061710,24,421,STL,ATL
3061256,2,421,STL,ATL
3061132,1,421,STL,ATL
3061905,7,421,STL,ATL
3061545,-6,421,STL,ATL
3060932,-6,421,STL,ATL
3060700,26,421,STL,ATL
3070600,-4,421,STL,ATL
3071710,-3,421,STL,ATL
3071256,2,421,STL,ATL
3071132,6,421,STL,ATL
3071905,20,421,STL,ATL
3071545,162,421,STL,ATL
3070932,14,421,STL,ATL
3070700,-5,421,STL,ATL
3080600,-6,421,STL,ATL
3081710,-5,421,STL,ATL
3081250,-1,421,STL,ATL
3081132,23,421,STL,ATL
3081550,-5,421,STL,ATL
3080700,-3,421,STL,ATL
3090600,-4,421,STL,ATL
3091710,-4,421,STL,ATL
3091256,-5,421,STL,ATL
3091132,-3,421,STL,ATL
3091905,-4,421,STL,ATL
3091545,-1,421,STL,ATL
3090932,4,421,STL,ATL
3090700,-3,421,STL,ATL
3100600,-5,421,STL,ATL
3101710,-9,421,STL,ATL
3101256,-3,421,STL,ATL
3101132,-7,421,STL,ATL
3101905,-7,421,STL,ATL
3101545,-3,421,STL,ATL
3100932,-2,421,STL,ATL
3100700,2,421,STL,ATL
3110600,-5,421,STL,ATL
3111710,-3,421,STL,ATL
3111256,-6,421,STL,ATL
3111132,-4,421,STL,ATL
3111905,-11,421,STL,ATL
3111545,-5,421,STL,ATL
3110932,-2,421,STL,ATL
3110700,-1,421,STL,ATL
3120600,-3,421,STL,ATL
3121710,250,421,STL,ATL
3121256,17,421,STL,ATL
3121132,-5,421,STL,ATL
3121905,9,421,STL,ATL
3121545,9,421,STL,ATL
3120932,2,421,STL,ATL
3120700,-1,421,STL,ATL
3130600,-3,421,STL,ATL
3131710,-2,421,STL,ATL
3131256,3,421,STL,ATL
3131132,2,421,STL,ATL
3131905,2,421,STL,ATL
3131545,14,421,STL,ATL
3130932,16,421,STL,ATL
3130700,102,421,STL,ATL
3140600,52,421,STL,ATL
3141710,-6,421,STL,ATL
3141256,-1,421,STL,ATL
3141132,-5,421,STL,ATL
3141905,-6,421,STL,ATL
3141545,4,421,STL,ATL
3140932,-9,421,STL,ATL
3140700,56,421,STL,ATL
3150600,-2,421,STL,ATL
3151710,6,421,STL,ATL
3151250,-1,421,STL,ATL
3151132,15,421,STL,ATL
3151550,3,421,STL,ATL
3150700,7,421,STL,ATL
3160600,0,421,STL,ATL
3161710,-3,421,STL,ATL
3161256,29,421,STL,ATL
3161132,-3,421,STL,ATL
3161917,42,421,STL,ATL
3161545,-2,421,STL,ATL
3160932,0,421,STL,ATL
3160700,-5,421,STL,ATL
3170600,34,421,STL,ATL
3171710,16,421,STL,ATL
3171256,14,421,STL,ATL
3171132,28,421,STL,ATL
3171905,-2,421,STL,ATL
3171545,8,421,STL,ATL
3170932,3,421,STL,ATL
3170700,7,421,STL,ATL
3180600,-5,421,STL,ATL
3181710,99,421,STL,ATL
3181256,6,421,STL,ATL
3181132,2,421,STL,ATL
3181905,5,421,STL,ATL
3181545,-1,421,STL,ATL
3180932,0,421,STL,ATL
3180700,-2,421,STL,ATL
3190600,-6,421,STL,ATL
3191715,37,421,STL,ATL
3191256,16,421,STL,ATL
3191132,-2,421,STL,ATL
3191905,-7,421,STL,ATL
3191545,3,421,STL,ATL
3190932,-4,421,STL,ATL
3190700,-3,421,STL,ATL
3200600,-4,421,STL,ATL
3201710,-1,421,STL,ATL
3201256,0,421,STL,ATL
3201132,7,421,STL,ATL
3201905,-6,421,STL,ATL
3201545,1,421,STL,ATL
3200932,3,421,STL,ATL
3200700,-5,421,STL,ATL
3210600,-4,421,STL,ATL
3211710,51,421,STL,ATL
3211256,8,421,STL,ATL
3211132,-5,421,STL,ATL
3211905,-4,421,STL,ATL
3211545,1,421,STL,ATL
3210932,1,421,STL,ATL
3210700,-3,421,STL,ATL
3220600,-4,421,STL,ATL
3221710,-3,421,STL,ATL
3221250,-6,421,STL,ATL
3221132,-7,421,STL,ATL
3221550,15,421,STL,ATL
3220700,-6,421,STL,ATL
3230600,-1,421,STL,ATL
3231710,-1,421,STL,ATL
3231256,-2,421,STL,ATL
3231132,-7,421,STL,ATL
3231905,-4,421,STL,ATL
3231545,-3,421,STL,ATL
3230932,16,421,STL,ATL
3230700,-3,421,STL,ATL
3240600,-5,421,STL,ATL
3241710,-5,421,STL,ATL
3241256,2,421,STL,ATL
3241132,12,421,STL,ATL
3241905,-11,421,STL,ATL
3241545,10,421,STL,ATL
3240932,0,421,STL,ATL
3240700,-4,421,STL,ATL
3250600,-10,421,STL,ATL
3251710,-2,421,STL,ATL
3251256,-4,421,STL,ATL
3251132,-1,421,STL,ATL
3251905,-9,421,STL,ATL
3251545,0,421,STL,ATL
3250932,-3,421,STL,ATL
3250700,-4,421,STL,ATL
3260600,-6,421,STL,ATL
3261710,-6,421,STL,ATL
3261256,-4,421,STL,ATL
3261132,-5,421,STL,ATL
3261905,-5,421,STL,ATL
3261545,14,421,STL,ATL
3260932,3,421,STL,ATL
3260700,-5,421,STL,ATL
3270600,-7,421,STL,ATL
3271710,5,421,STL,ATL
3271256,-1,421,STL,ATL
3271132,1,421,STL,ATL
3271911,-2,421,STL,ATL
3271545,25,421,STL,ATL
3270932,15,421,STL,ATL
3270700,16,421,STL,ATL
3280600,-7,421,STL,ATL
3281710,9,421,STL,ATL
3281256,4,421,STL,ATL
3281132,1,421,STL,ATL
3281905,-1,421,STL,ATL
3281545,-8,421,STL,ATL
3280932,0,421,STL,ATL
3280700,-2,421,STL,ATL
3290600,-3,421,STL,ATL
3291710,9,421,STL,ATL
3291250,-9,421,STL,ATL
3291132,15,421,STL,ATL
3291550,-1,421,STL,ATL
3290700,25,421,STL,ATL
3300600,5,421,STL,ATL
3301715,-3,421,STL,ATL
3301256,-3,421,STL,ATL
3301132,3,421,STL,ATL
3301905,2,421,STL,ATL
3301545,18,421,STL,ATL
3300932,0,421,STL,ATL
3300700,-5,421,STL,ATL
3310600,-6,421,STL,ATL
3311710,-5,421,STL,ATL
3311256,3,421,STL,ATL
3311132,-8,421,STL,ATL
3311905,-7,421,STL,ATL
3311545,3,421,STL,ATL
3310932,-4,421,STL,ATL
3310700,1,421,STL,ATL
3011915,3,421,STL,ATL
3010650,-8,421,STL,ATL
3020712,0,421,STL,ATL
3021915,2,421,STL,ATL
3031915,-9,421,STL,ATL
3030712,-4,421,STL,ATL
3041915,0,421,STL,ATL
3040712,0,421,STL,ATL
3051915,-9,421,STL,ATL
3050712,-5,421,STL,ATL
3061915,3,421,STL,ATL
3060712,-7,421,STL,ATL
3071915,-9,421,STL,ATL
3070712,-8,421,STL,ATL
3081335,27,421,STL,ATL
3080715,-4,421,STL,ATL
3091855,8,421,STL,ATL
3090715,-3,421,STL,ATL
3101855,-6,421,STL,ATL
3100715,-7,421,STL,ATL
3111855,-7,421,STL,ATL
3110715,-7,421,STL,ATL
3121855,15,421,STL,ATL
3120715,-5,421,STL,ATL
3131855,9,421,STL,ATL
3130715,-15,421,STL,ATL
3141855,17,421,STL,ATL
3140715,-8,421,STL,ATL
3151335,-5,421,STL,ATL
3150715,10,421,STL,ATL
3161855,-3,421,STL,ATL
3160715,-5,421,STL,ATL
3171855,7,421,STL,ATL
3170715,-12,421,STL,ATL
3181855,4,421,STL,ATL
3180715,-11,421,STL,ATL
3191855,-2,421,STL,ATL
3190715,-11,421,STL,ATL
3201855,2,421,STL,ATL
3200715,-10,421,STL,ATL
3211855,-9,421,STL,ATL
3210715,-7,421,STL,ATL
3221335,21,421,STL,ATL
3220715,-5,421,STL,ATL
3231855,-5,421,STL,ATL
3230715,-7,421,STL,ATL
3241855,-7,421,STL,ATL
3240715,-9,421,STL,ATL
3251855,-3,421,STL,ATL
3250715,-12,421,STL,ATL
3261855,-9,421,STL,ATL
3260715,-11,421,STL,ATL
3271855,-6,421,STL,ATL
3270715,-10,421,STL,ATL
3281855,-6,421,STL,ATL
3280715,-3,421,STL,ATL
3291335,4,421,STL,ATL
3290715,-1,421,STL,ATL
3301855,-7,421,STL,ATL
3300715,-12,421,STL,ATL
3311855,4,421,STL,ATL
3310715,-6,421,STL,ATL
3010925,-5,421,STL,ATL
3021125,0,421,STL,ATL
3031125,-4,421,STL,ATL
3041125,-8,421,STL,ATL
3051125,-6,421,STL,ATL
3061125,-8,421,STL,ATL
3071125,-4,421,STL,ATL
3081750,33,421,STL,ATL
3080750,-2,421,STL,ATL
3091135,-2,421,STL,ATL
3101135,0,421,STL,ATL
3111135,66,421,STL,ATL
3121135,-1,421,STL,ATL
3131135,-3,421,STL,ATL
3141135,-7,421,STL,ATL
3151750,12,421,STL,ATL
3161135,-3,421,STL,ATL
3171135,-2,421,STL,ATL
3181135,-1,421,STL,ATL
3191135,-4,421,STL,ATL
3201135,5,421,STL,ATL
3211135,-1,421,STL,ATL
3221750,0,421,STL,ATL
3231135,-4,421,STL,ATL
3241135,11,421,STL,ATL
3251135,3,421,STL,ATL
3261135,-1,421,STL,ATL
3271135,-5,421,STL,ATL
3281135,-4,421,STL,ATL
3291750,1,421,STL,ATL
3301135,3,421,STL,ATL
3311135,-2,421,STL,ATL
3011400,-7,1389,STT,ATL
3011532,-8,1389,STT,ATL
3011742,-7,1389,STT,ATL
3021530,-7,1389,STT,ATL
3021740,-6,1389,STT,ATL
3031530,0,1389,STT,ATL
3031740,4,1389,STT,ATL
3041530,-4,1389,STT,ATL
3041740,-4,1389,STT,ATL
3051530,-3,1389,STT,ATL
3051740,-11,1389,STT,ATL
3061530,-2,1389,STT,ATL
3061740,-6,1389,STT,ATL
3071530,-1,1389,STT,ATL
3071740,-2,1389,STT,ATL
3081400,20,1389,STT,ATL
3081524,0,1389,STT,ATL
3081740,-7,1389,STT,ATL
3091430,-1,1389,STT,ATL
3091640,-3,1389,STT,ATL
3101430,8,1389,STT,ATL
3101640,-6,1389,STT,ATL
3111430,-8,1389,STT,ATL
3111640,-7,1389,STT,ATL
3121430,-5,1389,STT,ATL
3121640,-5,1389,STT,ATL
3131430,0,1389,STT,ATL
3131640,-9,1389,STT,ATL
3141430,-3,1389,STT,ATL
3141640,-12,1389,STT,ATL
3151300,9,1389,STT,ATL
3151424,32,1389,STT,ATL
3151640,18,1389,STT,ATL
3161430,-8,1389,STT,ATL
3161640,-3,1389,STT,ATL
3171430,0,1389,STT,ATL
3171640,4,1389,STT,ATL
3181430,-1,1389,STT,ATL
3181640,-5,1389,STT,ATL
3191430,-1,1389,STT,ATL
3191640,-1,1389,STT,ATL
3201430,-3,1389,STT,ATL
3201640,-6,1389,STT,ATL
3211430,-6,1389,STT,ATL
3211640,-3,1389,STT,ATL
3221300,-4,1389,STT,ATL
3221424,-3,1389,STT,ATL
3221640,-2,1389,STT,ATL
3231430,-4,1389,STT,ATL
3231640,-4,1389,STT,ATL
3241430,-2,1389,STT,ATL
3241640,-7,1389,STT,ATL
3251430,-7,1389,STT,ATL
3251640,-17,1389,STT,ATL
3261430,-3,1389,STT,ATL
3261640,-10,1389,STT,ATL
3271430,6,1389,STT,ATL
3271640,-6,1389,STT,ATL
3281430,-5,1389,STT,ATL
3281640,-3,1389,STT,ATL
3291300,-1,1389,STT,ATL
3291424,-4,1389,STT,ATL
3291640,-6,1389,STT,ATL
3301430,-3,1389,STT,ATL
3301640,0,1389,STT,ATL
3311430,2,1389,STT,ATL
3311640,-2,1389,STT,ATL
3010600,-11,690,SYR,ATL
3020555,-9,690,SYR,ATL
3021200,9,690,SYR,ATL
3030555,-3,690,SYR,ATL
3031200,16,690,SYR,ATL
3040555,-2,690,SYR,ATL
3041200,-9,690,SYR,ATL
3050555,-5,690,SYR,ATL
3051200,-5,690,SYR,ATL
3060555,-10,690,SYR,ATL
3061200,-12,690,SYR,ATL
3070555,-8,690,SYR,ATL
3071200,12,690,SYR,ATL
3080555,-5,690,SYR,ATL
3090555,-7,690,SYR,ATL
3091200,52,690,SYR,ATL
3100555,-3,690,SYR,ATL
3101200,11,690,SYR,ATL
3110555,-3,690,SYR,ATL
3111200,-12,690,SYR,ATL
3120555,-9,690,SYR,ATL
3121200,-2,690,SYR,ATL
3130555,278,690,SYR,ATL
3131200,-1,690,SYR,ATL
3140555,-5,690,SYR,ATL
3141200,-11,690,SYR,ATL
3150555,-3,690,SYR,ATL
3160555,-18,690,SYR,ATL
3161200,-5,690,SYR,ATL
3170555,-5,690,SYR,ATL
3171200,-4,690,SYR,ATL
3180555,-5,690,SYR,ATL
3181200,-7,690,SYR,ATL
3190555,-4,690,SYR,ATL
3191200,-13,690,SYR,ATL
3200555,-7,690,SYR,ATL
3201200,-8,690,SYR,ATL
3210555,3,690,SYR,ATL
3211200,-7,690,SYR,ATL
3220555,-7,690,SYR,ATL
3230555,-10,690,SYR,ATL
3231200,51,690,SYR,ATL
3240555,-10,690,SYR,ATL
3241200,-10,690,SYR,ATL
3250555,0,690,SYR,ATL
3251200,-7,690,SYR,ATL
3260555,-6,690,SYR,ATL
3261200,-3,690,SYR,ATL
3270555,-4,690,SYR,ATL
3271200,11,690,SYR,ATL
3280555,-5,690,SYR,ATL
3281200,-12,690,SYR,ATL
3290555,-7,690,SYR,ATL
3300555,41,690,SYR,ATL
3301200,8,690,SYR,ATL
3310555,-9,690,SYR,ATL
3311200,-4,690,SYR,ATL
3011515,-5,690,SYR,ATL
3011210,14,690,SYR,ATL
3081730,3,690,SYR,ATL
3081203,-8,690,SYR,ATL
3151730,41,690,SYR,ATL
3151200,-5,690,SYR,ATL
3221730,-6,690,SYR,ATL
3221200,-9,690,SYR,ATL
3291730,236,690,SYR,ATL
3291200,-4,690,SYR,ATL
3010730,-3,194,TLH,ATL
3010600,-2,194,TLH,ATL
3021234,-3,194,TLH,ATL
3021502,28,194,TLH,ATL
3020600,-2,194,TLH,ATL
3031234,-10,194,TLH,ATL
3031502,17,194,TLH,ATL
3030720,-1,194,TLH,ATL
3030600,-4,194,TLH,ATL
3041234,-3,194,TLH,ATL
3041502,5,194,TLH,ATL
3040720,-3,194,TLH,ATL
3040600,-4,194,TLH,ATL
3051234,3,194,TLH,ATL
3051502,0,194,TLH,ATL
3050720,-1,194,TLH,ATL
3050600,-5,194,TLH,ATL
3061234,0,194,TLH,ATL
3061502,20,194,TLH,ATL
3060720,-5,194,TLH,ATL
3060600,-5,194,TLH,ATL
3071234,4,194,TLH,ATL
3071502,10,194,TLH,ATL
3070720,-3,194,TLH,ATL
3070600,-3,194,TLH,ATL
3080720,-3,194,TLH,ATL
3081715,13,194,TLH,ATL
3080600,-4,194,TLH,ATL
3091234,0,194,TLH,ATL
3091502,-8,194,TLH,ATL
3090720,-1,194,TLH,ATL
3090600,-6,194,TLH,ATL
3101234,-4,194,TLH,ATL
3101502,53,194,TLH,ATL
3100720,-3,194,TLH,ATL
3100600,-5,194,TLH,ATL
3111234,25,194,TLH,ATL
3111502,1,194,TLH,ATL
3110720,-7,194,TLH,ATL
3110600,-5,194,TLH,ATL
3121234,-4,194,TLH,ATL
3121502,261,194,TLH,ATL
3120720,-1,194,TLH,ATL
3120600,-5,194,TLH,ATL
3131234,2,194,TLH,ATL
3131502,21,194,TLH,ATL
3130720,-1,194,TLH,ATL
3130600,-1,194,TLH,ATL
3141234,35,194,TLH,ATL
3141502,30,194,TLH,ATL
3140720,-1,194,TLH,ATL
3140600,26,194,TLH,ATL
3150720,-3,194,TLH,ATL
3151715,41,194,TLH,ATL
3150600,2,194,TLH,ATL
3161245,-3,194,TLH,ATL
3161502,264,194,TLH,ATL
3160720,-2,194,TLH,ATL
3160600,-5,194,TLH,ATL
3171245,19,194,TLH,ATL
3171502,67,194,TLH,ATL
3170720,-4,194,TLH,ATL
3170600,-2,194,TLH,ATL
3181245,-2,194,TLH,ATL
3181502,13,194,TLH,ATL
3180720,-2,194,TLH,ATL
3180600,-3,194,TLH,ATL
3191502,12,194,TLH,ATL
3190720,-1,194,TLH,ATL
3190600,-8,194,TLH,ATL
3201245,-6,194,TLH,ATL
3201502,6,194,TLH,ATL
3200720,-4,194,TLH,ATL
3200600,-3,194,TLH,ATL
3211245,4,194,TLH,ATL
3211502,7,194,TLH,ATL
3210720,-5,194,TLH,ATL
3210600,-6,194,TLH,ATL
3220720,-3,194,TLH,ATL
3221715,5,194,TLH,ATL
3220600,-2,194,TLH,ATL
3231502,7,194,TLH,ATL
3230720,7,194,TLH,ATL
3230600,-4,194,TLH,ATL
3241245,9,194,TLH,ATL
3241502,4,194,TLH,ATL
3240720,-2,194,TLH,ATL
3240600,-2,194,TLH,ATL
3251245,49,194,TLH,ATL
3251502,-7,194,TLH,ATL
3250720,-3,194,TLH,ATL
3250600,-6,194,TLH,ATL
3261245,7,194,TLH,ATL
3261502,0,194,TLH,ATL
3260720,12,194,TLH,ATL
3260600,-4,194,TLH,ATL
3271245,-2,194,TLH,ATL
3271502,38,194,TLH,ATL
3270720,-5,194,TLH,ATL
3270600,-5,194,TLH,ATL
3281245,-1,194,TLH,ATL
3281502,-5,194,TLH,ATL
3280720,-5,194,TLH,ATL
3280600,-5,194,TLH,ATL
3290720,9,194,TLH,ATL
3290600,-3,194,TLH,ATL
3301245,-2,194,TLH,ATL
3301502,43,194,TLH,ATL
3300720,-3,194,TLH,ATL
3300600,-2,194,TLH,ATL
3311245,31,194,TLH,ATL
3311502,2,194,TLH,ATL
3310720,-9,194,TLH,ATL
3310600,-4,194,TLH,ATL
3011245,5,194,TLH,ATL
3011450,-1,194,TLH,ATL
3011035,-4,194,TLH,ATL
3010855,-6,194,TLH,ATL
3021709,-6,194,TLH,ATL
3020715,-7,194,TLH,ATL
3020855,-5,194,TLH,ATL
3031709,-7,194,TLH,ATL
3031035,19,194,TLH,ATL
3030855,-4,194,TLH,ATL
3041709,46,194,TLH,ATL
3041035,-3,194,TLH,ATL
3040855,3,194,TLH,ATL
3051709,-6,194,TLH,ATL
3051035,-3,194,TLH,ATL
3050855,-5,194,TLH,ATL
3061709,36,194,TLH,ATL
3061035,22,194,TLH,ATL
3060855,11,194,TLH,ATL
3071709,45,194,TLH,ATL
3071035,45,194,TLH,ATL
3070855,0,194,TLH,ATL
3081035,-5,194,TLH,ATL
3081245,-6,194,TLH,ATL
3080855,-4,194,TLH,ATL
3091709,-4,194,TLH,ATL
3091035,-1,194,TLH,ATL
3090855,-3,194,TLH,ATL
3101709,5,194,TLH,ATL
3101035,-4,194,TLH,ATL
3100855,0,194,TLH,ATL
3111709,-4,194,TLH,ATL
3111035,0,194,TLH,ATL
3110855,35,194,TLH,ATL
3121709,1,194,TLH,ATL
3121035,15,194,TLH,ATL
3120855,-1,194,TLH,ATL
3131709,-6,194,TLH,ATL
3131035,38,194,TLH,ATL
3130855,-2,194,TLH,ATL
3141709,-4,194,TLH,ATL
3141035,7,194,TLH,ATL
3140855,-3,194,TLH,ATL
3151035,-5,194,TLH,ATL
3151245,-5,194,TLH,ATL
3150855,-5,194,TLH,ATL
3161709,146,194,TLH,ATL
3161035,222,194,TLH,ATL
3160855,-7,194,TLH,ATL
3171709,40,194,TLH,ATL
3171035,51,194,TLH,ATL
3170855,-3,194,TLH,ATL
3181709,29,194,TLH,ATL
3181035,-6,194,TLH,ATL
3180855,-1,194,TLH,ATL
3191709,100,194,TLH,ATL
3191035,-2,194,TLH,ATL
3191230,22,194,TLH,ATL
3190855,-5,194,TLH,ATL
3201709,-5,194,TLH,ATL
3201035,11,194,TLH,ATL
3200855,-5,194,TLH,ATL
3211709,50,194,TLH,ATL
3211035,0,194,TLH,ATL
3210855,11,194,TLH,ATL
3221035,-8,194,TLH,ATL
3221245,-5,194,TLH,ATL
3220855,1,194,TLH,ATL
3231709,-1,194,TLH,ATL
3231035,2,194,TLH,ATL
3231230,57,194,TLH,ATL
3230855,-5,194,TLH,ATL
3231845,-3,194,TLH,ATL
3241709,-5,194,TLH,ATL
3241035,-3,194,TLH,ATL
3240855,-1,194,TLH,ATL
3251709,-5,194,TLH,ATL
3251035,-4,194,TLH,ATL
3250855,0,194,TLH,ATL
3261709,-6,194,TLH,ATL
3261035,-3,194,TLH,ATL
3260855,-3,194,TLH,ATL
3271709,18,194,TLH,ATL
3271035,-3,194,TLH,ATL
3270855,132,194,TLH,ATL
3281709,6,194,TLH,ATL
3281035,61,194,TLH,ATL
3280855,-2,194,TLH,ATL
3291715,-4,194,TLH,ATL
3291035,198,194,TLH,ATL
3291245,-6,194,TLH,ATL
3290855,1,194,TLH,ATL
3301709,76,194,TLH,ATL
3301035,-4,194,TLH,ATL
3300855,-2,194,TLH,ATL
3311709,72,194,TLH,ATL
3311032,15,194,TLH,ATL
3310855,-4,194,TLH,ATL
3011445,-5,353,TPA,ATL
3011830,-2,353,TPA,ATL
3010830,-3,353,TPA,ATL
3011100,-6,353,TPA,ATL
3010940,-2,353,TPA,ATL
3010725,5,353,TPA,ATL
3011215,-10,353,TPA,ATL
3011325,1,353,TPA,ATL
3011715,-4,353,TPA,ATL
3011600,-4,353,TPA,ATL
3010530,-1,353,TPA,ATL
3010630,-4,353,TPA,ATL
3021825,2,353,TPA,ATL
3020830,-4,353,TPA,ATL
3020530,-4,353,TPA,ATL
3021100,-1,353,TPA,ATL
3020945,2,353,TPA,ATL
3020730,-1,353,TPA,ATL
3021225,-6,353,TPA,ATL
3021325,7,353,TPA,ATL
3021715,-2,353,TPA,ATL
3021445,-3,353,TPA,ATL
3021600,47,353,TPA,ATL
3021945,15,353,TPA,ATL
3020630,-2,353,TPA,ATL
3031825,1,353,TPA,ATL
3030830,-1,353,TPA,ATL
3030530,-3,353,TPA,ATL
3031100,2,353,TPA,ATL
3030945,-2,353,TPA,ATL
3030730,4,353,TPA,ATL
3031225,-2,353,TPA,ATL
3031325,0,353,TPA,ATL
3031715,6,353,TPA,ATL
3031445,0,353,TPA,ATL
3031600,5,353,TPA,ATL
3031945,16,353,TPA,ATL
3030630,1,353,TPA,ATL
3041825,0,353,TPA,ATL
3040830,0,353,TPA,ATL
3040530,-6,353,TPA,ATL
3041100,-7,353,TPA,ATL
3040945,-7,353,TPA,ATL
3040730,-1,353,TPA,ATL
3041225,-4,353,TPA,ATL
3041325,2,353,TPA,ATL
3041715,-4,353,TPA,ATL
3041445,16,353,TPA,ATL
3041600,-2,353,TPA,ATL
3041945,43,353,TPA,ATL
3040630,-2,353,TPA,ATL
3051825,2,353,TPA,ATL
3050830,-3,353,TPA,ATL
3050530,0,353,TPA,ATL
3051100,0,353,TPA,ATL
3050945,0,353,TPA,ATL
3050730,-1,353,TPA,ATL
3051225,5,353,TPA,ATL
3051325,-2,353,TPA,ATL
3051715,0,353,TPA,ATL
3051445,-1,353,TPA,ATL
3051600,17,353,TPA,ATL
3051945,11,353,TPA,ATL
3050630,-4,353,TPA,ATL
3061825,34,353,TPA,ATL
3060830,-4,353,TPA,ATL
3060530,-3,353,TPA,ATL
3061100,9,353,TPA,ATL
3060945,-3,353,TPA,ATL
3060730,-1,353,TPA,ATL
3061225,0,353,TPA,ATL
3061325,40,353,TPA,ATL
3061715,13,353,TPA,ATL
3061445,29,353,TPA,ATL
3061600,3,353,TPA,ATL
3061945,7,353,TPA,ATL
3060630,-2,353,TPA,ATL
3071825,-7,353,TPA,ATL
3070830,-3,353,TPA,ATL
3070530,-1,353,TPA,ATL
3071100,2,353,TPA,ATL
3070945,0,353,TPA,ATL
3070730,-4,353,TPA,ATL
3071225,9,353,TPA,ATL
3071325,-4,353,TPA,ATL
3071715,-1,353,TPA,ATL
3071445,35,353,TPA,ATL
3071600,15,353,TPA,ATL
3071945,-4,353,TPA,ATL
3070630,0,353,TPA,ATL
3081825,19,353,TPA,ATL
3080830,2,353,TPA,ATL
3080530,-3,353,TPA,ATL
3081100,-5,353,TPA,ATL
3080945,-3,353,TPA,ATL
3080730,-5,353,TPA,ATL
3081205,27,353,TPA,ATL
3081330,3,353,TPA,ATL
3081715,1,353,TPA,ATL
3081445,30,353,TPA,ATL
3081600,-1,353,TPA,ATL
3080630,-2,353,TPA,ATL
3091825,0,353,TPA,ATL
3090830,2,353,TPA,ATL
3090530,-6,353,TPA,ATL
3091100,-1,353,TPA,ATL
3090945,-8,353,TPA,ATL
3090730,-6,353,TPA,ATL
3091225,-1,353,TPA,ATL
3091325,-4,353,TPA,ATL
3091715,12,353,TPA,ATL
3091445,16,353,TPA,ATL
3091600,-1,353,TPA,ATL
3091945,-4,353,TPA,ATL
3090630,-1,353,TPA,ATL
3101825,-4,353,TPA,ATL
3100830,-3,353,TPA,ATL
3100530,-2,353,TPA,ATL
3101100,15,353,TPA,ATL
3100945,4,353,TPA,ATL
3100730,0,353,TPA,ATL
3101225,-3,353,TPA,ATL
3101325,2,353,TPA,ATL
3101715,-3,353,TPA,ATL
3101445,-6,353,TPA,ATL
3101600,9,353,TPA,ATL
3101945,-1,353,TPA,ATL
3100630,-1,353,TPA,ATL
3111825,-7,353,TPA,ATL
3110830,9,353,TPA,ATL
3110530,-6,353,TPA,ATL
3111100,8,353,TPA,ATL
3110945,-1,353,TPA,ATL
3110730,-1,353,TPA,ATL
3111225,2,353,TPA,ATL
3111325,-1,353,TPA,ATL
3111715,-2,353,TPA,ATL
3111445,1,353,TPA,ATL
3111600,-2,353,TPA,ATL
3111945,-2,353,TPA,ATL
3110630,-3,353,TPA,ATL
3121825,22,353,TPA,ATL
3120830,0,353,TPA,ATL
3120530,-3,353,TPA,ATL
3121100,-4,353,TPA,ATL
3120945,-6,353,TPA,ATL
3120730,8,353,TPA,ATL
3121225,0,353,TPA,ATL
3121325,35,353,TPA,ATL
3121715,-8,353,TPA,ATL
3121445,7,353,TPA,ATL
3121600,0,353,TPA,ATL
3121945,14,353,TPA,ATL
3120630,2,353,TPA,ATL
3131825,1,353,TPA,ATL
3130830,-4,353,TPA,ATL
3130530,-4,353,TPA,ATL
3131100,0,353,TPA,ATL
3130945,-3,353,TPA,ATL
3130730,0,353,TPA,ATL
3131225,3,353,TPA,ATL
3131325,17,353,TPA,ATL
3131715,2,353,TPA,ATL
3131445,-3,353,TPA,ATL
3131600,12,353,TPA,ATL
3131945,3,353,TPA,ATL
3130630,-3,353,TPA,ATL
3141825,-2,353,TPA,ATL
3140830,8,353,TPA,ATL
3140530,-1,353,TPA,ATL
3141100,-1,353,TPA,ATL
3140945,64,353,TPA,ATL
3140730,28,353,TPA,ATL
3141225,-2,353,TPA,ATL
3141325,1,353,TPA,ATL
3141715,-4,353,TPA,ATL
3141445,20,353,TPA,ATL
3141600,3,353,TPA,ATL
3141945,-1,353,TPA,ATL
3140630,-3,353,TPA,ATL
3151825,6,353,TPA,ATL
3150830,-2,353,TPA,ATL
3150530,-3,353,TPA,ATL
3151100,-1,353,TPA,ATL
3150945,6,353,TPA,ATL
3150730,-5,353,TPA,ATL
3151205,70,353,TPA,ATL
3151330,-3,353,TPA,ATL
3151715,-6,353,TPA,ATL
3151445,8,353,TPA,ATL
3151600,-5,353,TPA,ATL
3151945,2,353,TPA,ATL
3150630,-4,353,TPA,ATL
3161825,-6,353,TPA,ATL
3160830,-6,353,TPA,ATL
3160530,-5,353,TPA,ATL
3161100,-3,353,TPA,ATL
3160945,-4,353,TPA,ATL
3160730,-7,353,TPA,ATL
3161225,-1,353,TPA,ATL
3161325,-5,353,TPA,ATL
3161715,-5,353,TPA,ATL
3161445,-6,353,TPA,ATL
3161600,-3,353,TPA,ATL
3161945,0,353,TPA,ATL
3160630,-6,353,TPA,ATL
3171825,22,353,TPA,ATL
3170830,-5,353,TPA,ATL
3170530,-3,353,TPA,ATL
3171100,-2,353,TPA,ATL
3170945,1,353,TPA,ATL
3170730,183,353,TPA,ATL
3171225,19,353,TPA,ATL
3171325,47,353,TPA,ATL
3171715,206,353,TPA,ATL
3171445,3,353,TPA,ATL
3171600,53,353,TPA,ATL
3171945,35,353,TPA,ATL
3170630,-4,353,TPA,ATL
3181825,19,353,TPA,ATL
3180830,-1,353,TPA,ATL
3180530,2,353,TPA,ATL
3181100,-1,353,TPA,ATL
3180945,4,353,TPA,ATL
3180730,-5,353,TPA,ATL
3181225,-1,353,TPA,ATL
3181325,12,353,TPA,ATL
3181715,-2,353,TPA,ATL
3181445,0,353,TPA,ATL
3181600,-6,353,TPA,ATL
3181945,9,353,TPA,ATL
3180630,-1,353,TPA,ATL
3191825,146,353,TPA,ATL
3190830,0,353,TPA,ATL
3190530,-4,353,TPA,ATL
3191100,-2,353,TPA,ATL
3190945,33,353,TPA,ATL
3190730,0,353,TPA,ATL
3191225,0,353,TPA,ATL
3191325,1,353,TPA,ATL
3191715,-3,353,TPA,ATL
3191445,3,353,TPA,ATL
3191600,6,353,TPA,ATL
3191945,9,353,TPA,ATL
3190630,-4,353,TPA,ATL
3201825,-1,353,TPA,ATL
3200830,80,353,TPA,ATL
3200530,150,353,TPA,ATL
3201100,0,353,TPA,ATL
3200945,-6,353,TPA,ATL
3200730,0,353,TPA,ATL
3201225,-2,353,TPA,ATL
3201325,20,353,TPA,ATL
3201715,-1,353,TPA,ATL
3201445,-5,353,TPA,ATL
3201600,1,353,TPA,ATL
3201945,11,353,TPA,ATL
3200630,-2,353,TPA,ATL
3211825,-2,353,TPA,ATL
3210830,-3,353,TPA,ATL
3210530,-1,353,TPA,ATL
3211100,-4,353,TPA,ATL
3210945,0,353,TPA,ATL
3210730,2,353,TPA,ATL
3211225,-9,353,TPA,ATL
3211325,-5,353,TPA,ATL
3211715,0,353,TPA,ATL
3211445,-1,353,TPA,ATL
3211600,0,353,TPA,ATL
3211945,4,353,TPA,ATL
3210630,-5,353,TPA,ATL
3221825,-2,353,TPA,ATL
3220830,-3,353,TPA,ATL
3220530,-1,353,TPA,ATL
3221100,-5,353,TPA,ATL
3220945,-3,353,TPA,ATL
3220730,-3,353,TPA,ATL
3221205,13,353,TPA,ATL
3221330,-6,353,TPA,ATL
3221715,12,353,TPA,ATL
3221445,0,353,TPA,ATL
3221600,-9,353,TPA,ATL
3220630,-3,353,TPA,ATL
3231825,-5,353,TPA,ATL
3230830,-1,353,TPA,ATL
3230530,-6,353,TPA,ATL
3231100,7,353,TPA,ATL
3230945,-1,353,TPA,ATL
3230730,-3,353,TPA,ATL
3231225,-8,353,TPA,ATL
3231325,-4,353,TPA,ATL
3231715,-1,353,TPA,ATL
3231445,-6,353,TPA,ATL
3231600,-1,353,TPA,ATL
3231945,4,353,TPA,ATL
3230630,-1,353,TPA,ATL
3241825,-1,353,TPA,ATL
3240830,-1,353,TPA,ATL
3240530,-2,353,TPA,ATL
3241100,-1,353,TPA,ATL
3240945,-3,353,TPA,ATL
3240730,0,353,TPA,ATL
3241225,-1,353,TPA,ATL
3241325,-1,353,TPA,ATL
3241715,-4,353,TPA,ATL
3241445,23,353,TPA,ATL
3241600,5,353,TPA,ATL
3241945,14,353,TPA,ATL
3240630,-2,353,TPA,ATL
3251825,10,353,TPA,ATL
3250830,-1,353,TPA,ATL
3250530,-8,353,TPA,ATL
3251100,-3,353,TPA,ATL
3250945,-2,353,TPA,ATL
3250730,0,353,TPA,ATL
3251225,1,353,TPA,ATL
3251325,-3,353,TPA,ATL
3251715,-3,353,TPA,ATL
3251445,6,353,TPA,ATL
3251600,5,353,TPA,ATL
3251945,5,353,TPA,ATL
3250630,-3,353,TPA,ATL
3261825,7,353,TPA,ATL
3260830,-3,353,TPA,ATL
3260530,-5,353,TPA,ATL
3261100,-1,353,TPA,ATL
3260945,-4,353,TPA,ATL
3260730,0,353,TPA,ATL
3261225,-3,353,TPA,ATL
3261325,-7,353,TPA,ATL
3261715,-1,353,TPA,ATL
3261445,1,353,TPA,ATL
3261600,-10,353,TPA,ATL
3261945,58,353,TPA,ATL
3260630,-3,353,TPA,ATL
3271825,-1,353,TPA,ATL
3270830,2,353,TPA,ATL
3270530,0,353,TPA,ATL
3271100,2,353,TPA,ATL
3270945,-3,353,TPA,ATL
3270730,4,353,TPA,ATL
3271225,0,353,TPA,ATL
3271325,-3,353,TPA,ATL
3271715,11,353,TPA,ATL
3271445,-4,353,TPA,ATL
3271600,3,353,TPA,ATL
3271945,18,353,TPA,ATL
3270630,16,353,TPA,ATL
3281825,0,353,TPA,ATL
3280830,33,353,TPA,ATL
3280530,-1,353,TPA,ATL
3281100,0,353,TPA,ATL
3280945,-6,353,TPA,ATL
3280730,-3,353,TPA,ATL
3281225,-3,353,TPA,ATL
3281325,6,353,TPA,ATL
3281715,1,353,TPA,ATL
3281445,42,353,TPA,ATL
3281600,28,353,TPA,ATL
3281945,23,353,TPA,ATL
3280630,-2,353,TPA,ATL
3291825,89,353,TPA,ATL
3290830,-2,353,TPA,ATL
3290530,-2,353,TPA,ATL
3291100,12,353,TPA,ATL
3290945,-1,353,TPA,ATL
3290730,-1,353,TPA,ATL
3291205,190,353,TPA,ATL
3291330,214,353,TPA,ATL
3291715,25,353,TPA,ATL
3291445,137,353,TPA,ATL
3291600,195,353,TPA,ATL
3290630,-4,353,TPA,ATL
3301825,8,353,TPA,ATL
3300830,-4,353,TPA,ATL
3300530,-7,353,TPA,ATL
3301100,-6,353,TPA,ATL
3300945,-5,353,TPA,ATL
3300730,-1,353,TPA,ATL
3301225,0,353,TPA,ATL
3301325,-3,353,TPA,ATL
3301715,1,353,TPA,ATL
3301445,0,353,TPA,ATL
3301600,9,353,TPA,ATL
3301945,11,353,TPA,ATL
3300630,-2,353,TPA,ATL
3311825,0,353,TPA,ATL
3310830,-1,353,TPA,ATL
3310530,-5,353,TPA,ATL
3311100,2,353,TPA,ATL
3310945,0,353,TPA,ATL
3310730,-2,353,TPA,ATL
3311225,-2,353,TPA,ATL
3311325,-3,353,TPA,ATL
3311715,-5,353,TPA,ATL
3311445,-2,353,TPA,ATL
3311600,0,353,TPA,ATL
3311945,18,353,TPA,ATL
3310630,-2,353,TPA,ATL
3011415,-8,353,TPA,ATL
3011300,-6,353,TPA,ATL
3010825,-2,353,TPA,ATL
3011105,-6,353,TPA,ATL
3021415,-7,353,TPA,ATL
3021945,-6,353,TPA,ATL
3021135,-2,353,TPA,ATL
3020825,-1,353,TPA,ATL
3031415,-4,353,TPA,ATL
3031945,-6,353,TPA,ATL
3031135,-9,353,TPA,ATL
3030825,-7,353,TPA,ATL
3041415,-5,353,TPA,ATL
3041945,-4,353,TPA,ATL
3041135,-9,353,TPA,ATL
3040825,-5,353,TPA,ATL
3051415,-7,353,TPA,ATL
3051945,0,353,TPA,ATL
3051135,10,353,TPA,ATL
3050825,-1,353,TPA,ATL
3061415,2,353,TPA,ATL
3061945,2,353,TPA,ATL
3061135,6,353,TPA,ATL
3060825,-1,353,TPA,ATL
3071415,-5,353,TPA,ATL
3071945,-6,353,TPA,ATL
3071135,-5,353,TPA,ATL
3070825,-14,353,TPA,ATL
3080811,-2,353,TPA,ATL
3081435,29,353,TPA,ATL
3081615,-5,353,TPA,ATL
3081010,-1,353,TPA,ATL
3081800,-7,353,TPA,ATL
3091300,-4,353,TPA,ATL
3090819,-6,353,TPA,ATL
3091711,-2,353,TPA,ATL
3090955,-6,353,TPA,ATL
3090635,-6,353,TPA,ATL
3091800,33,353,TPA,ATL
3101300,-1,353,TPA,ATL
3100819,-5,353,TPA,ATL
3101711,19,353,TPA,ATL
3100955,-2,353,TPA,ATL
3101800,7,353,TPA,ATL
3111300,-7,353,TPA,ATL
3110819,-8,353,TPA,ATL
3111711,-5,353,TPA,ATL
3110955,1,353,TPA,ATL
3111800,0,353,TPA,ATL
3121300,1,353,TPA,ATL
3120819,-6,353,TPA,ATL
3121711,-8,353,TPA,ATL
3120955,-5,353,TPA,ATL
3121800,-5,353,TPA,ATL
3131300,-3,353,TPA,ATL
3130819,0,353,TPA,ATL
3131711,-1,353,TPA,ATL
3130955,-3,353,TPA,ATL
3131800,24,353,TPA,ATL
3141300,-4,353,TPA,ATL
3140819,-2,353,TPA,ATL
3141711,-4,353,TPA,ATL
3140955,-3,353,TPA,ATL
3141800,1,353,TPA,ATL
3150811,-5,353,TPA,ATL
3151435,15,353,TPA,ATL
3151615,-3,353,TPA,ATL
3151010,-2,353,TPA,ATL
3151800,-7,353,TPA,ATL
3161300,-3,353,TPA,ATL
3160819,-6,353,TPA,ATL
3161711,-6,353,TPA,ATL
3160955,-1,353,TPA,ATL
3160635,-6,353,TPA,ATL
3161800,-6,353,TPA,ATL
3171300,102,353,TPA,ATL
3170819,5,353,TPA,ATL
3171711,195,353,TPA,ATL
3170955,16,353,TPA,ATL
3171800,132,353,TPA,ATL
3181300,1,353,TPA,ATL
3180819,-4,353,TPA,ATL
3181711,8,353,TPA,ATL
3180955,-3,353,TPA,ATL
3181800,51,353,TPA,ATL
3191300,-14,353,TPA,ATL
3190819,-4,353,TPA,ATL
3191711,-2,353,TPA,ATL
3190955,-3,353,TPA,ATL
3191800,-4,353,TPA,ATL
3201300,-8,353,TPA,ATL
3200819,-2,353,TPA,ATL
3201711,-2,353,TPA,ATL
3200955,3,353,TPA,ATL
3201800,56,353,TPA,ATL
3211300,-5,353,TPA,ATL
3210819,0,353,TPA,ATL
3211711,-4,353,TPA,ATL
3210955,-3,353,TPA,ATL
3211800,-3,353,TPA,ATL
3220811,-3,353,TPA,ATL
3221435,13,353,TPA,ATL
3221615,-5,353,TPA,ATL
3221010,-3,353,TPA,ATL
3221800,-4,353,TPA,ATL
3231300,346,353,TPA,ATL
3230819,-7,353,TPA,ATL
3231711,87,353,TPA,ATL
3230955,-2,353,TPA,ATL
3230635,-5,353,TPA,ATL
3231800,-5,353,TPA,ATL
3241300,10,353,TPA,ATL
3240819,27,353,TPA,ATL
3241711,7,353,TPA,ATL
3240955,-6,353,TPA,ATL
3241800,32,353,TPA,ATL
3251300,9,353,TPA,ATL
3250819,0,353,TPA,ATL
3251711,37,353,TPA,ATL
3250955,-5,353,TPA,ATL
3251800,-2,353,TPA,ATL
3261300,10,353,TPA,ATL
3260819,-4,353,TPA,ATL
3261711,-6,353,TPA,ATL
3260955,-8,353,TPA,ATL
3271300,0,353,TPA,ATL
3270819,-6,353,TPA,ATL
3271711,-2,353,TPA,ATL
3270955,4,353,TPA,ATL
3281300,-5,353,TPA,ATL
3280819,-4,353,TPA,ATL
3281711,-4,353,TPA,ATL
3280955,-2,353,TPA,ATL
3290811,-2,353,TPA,ATL
3291435,191,353,TPA,ATL
3291615,87,353,TPA,ATL
3291010,-4,353,TPA,ATL
3301300,-1,353,TPA,ATL
3300819,1,353,TPA,ATL
3301711,0,353,TPA,ATL
3300955,-6,353,TPA,ATL
3300635,-1,353,TPA,ATL
3311300,-3,353,TPA,ATL
3310819,0,353,TPA,ATL
3311711,0,353,TPA,ATL
3310955,1,353,TPA,ATL
3010715,-6,353,TPA,ATL
3010600,-5,353,TPA,ATL
3011730,20,353,TPA,ATL
3011945,-3,353,TPA,ATL
3020910,-9,353,TPA,ATL
3021015,-2,353,TPA,ATL
3021225,9,353,TPA,ATL
3031015,33,353,TPA,ATL
3030645,3,353,TPA,ATL
3031225,7,353,TPA,ATL
3041015,2,353,TPA,ATL
3040645,-5,353,TPA,ATL
3041225,21,353,TPA,ATL
3051015,34,353,TPA,ATL
3050645,-8,353,TPA,ATL
3051225,11,353,TPA,ATL
3061015,4,353,TPA,ATL
3060645,-4,353,TPA,ATL
3061225,66,353,TPA,ATL
3071015,1,353,TPA,ATL
3070645,-7,353,TPA,ATL
3071225,21,353,TPA,ATL
3081940,23,353,TPA,ATL
3081235,41,353,TPA,ATL
3080635,-4,353,TPA,ATL
3081145,12,353,TPA,ATL
3091355,18,353,TPA,ATL
3091100,5,353,TPA,ATL
3100610,-5,353,TPA,ATL
3101355,20,353,TPA,ATL
3101100,5,353,TPA,ATL
3110610,-2,353,TPA,ATL
3111355,5,353,TPA,ATL
3111100,-3,353,TPA,ATL
3120610,-4,353,TPA,ATL
3121355,0,353,TPA,ATL
3121100,3,353,TPA,ATL
3130610,-4,353,TPA,ATL
3131355,19,353,TPA,ATL
3131100,0,353,TPA,ATL
3140610,-4,353,TPA,ATL
3141355,27,353,TPA,ATL
3141100,6,353,TPA,ATL
3150635,-4,353,TPA,ATL
3151145,13,353,TPA,ATL
3151235,10,353,TPA,ATL
3151950,-4,353,TPA,ATL
3161355,8,353,TPA,ATL
3161100,13,353,TPA,ATL
3170610,-3,353,TPA,ATL
3171355,40,353,TPA,ATL
3171100,73,353,TPA,ATL
3180610,-4,353,TPA,ATL
3181355,6,353,TPA,ATL
3181100,-5,353,TPA,ATL
3190610,-4,353,TPA,ATL
3191355,31,353,TPA,ATL
3191100,-2,353,TPA,ATL
3200610,-2,353,TPA,ATL
3201355,16,353,TPA,ATL
3201100,1,353,TPA,ATL
3210610,-3,353,TPA,ATL
3211355,13,353,TPA,ATL
3211100,-4,353,TPA,ATL
3220635,-5,353,TPA,ATL
3221145,28,353,TPA,ATL
3221235,34,353,TPA,ATL
3221950,0,353,TPA,ATL
3231355,62,353,TPA,ATL
3231100,89,353,TPA,ATL
3240610,-2,353,TPA,ATL
3241355,24,353,TPA,ATL
3241100,258,353,TPA,ATL
3250610,0,353,TPA,ATL
3251355,28,353,TPA,ATL
3251100,0,353,TPA,ATL
3261900,-1,353,TPA,ATL
3260610,-3,353,TPA,ATL
3261355,5,353,TPA,ATL
3261100,19,353,TPA,ATL
3271900,43,353,TPA,ATL
3270610,-2,353,TPA,ATL
3271355,-1,353,TPA,ATL
3271100,30,353,TPA,ATL
3281900,10,353,TPA,ATL
3280610,-3,353,TPA,ATL
3281355,43,353,TPA,ATL
3281100,-3,353,TPA,ATL
3290635,-2,353,TPA,ATL
3291145,187,353,TPA,ATL
3291235,159,353,TPA,ATL
3291730,63,353,TPA,ATL
3291950,131,353,TPA,ATL
3301900,5,353,TPA,ATL
3301355,6,353,TPA,ATL
3301100,-1,353,TPA,ATL
3311900,1,353,TPA,ATL
3310610,-2,353,TPA,ATL
3311355,11,353,TPA,ATL
3311100,-5,353,TPA,ATL
3010700,-1,197,TRI,ATL
3020725,-2,197,TRI,ATL
3030725,3,197,TRI,ATL
3040725,-7,197,TRI,ATL
3050725,-4,197,TRI,ATL
3060725,-3,197,TRI,ATL
3070725,-2,197,TRI,ATL
3080725,4,197,TRI,ATL
3090725,8,197,TRI,ATL
3100725,-1,197,TRI,ATL
3110725,-1,197,TRI,ATL
3120725,13,197,TRI,ATL
3130725,-3,197,TRI,ATL
3140725,-4,197,TRI,ATL
3150725,11,197,TRI,ATL
3160725,25,197,TRI,ATL
3170725,-4,197,TRI,ATL
3180725,-6,197,TRI,ATL
3190725,-8,197,TRI,ATL
3200725,0,197,TRI,ATL
3210725,-3,197,TRI,ATL
3220725,-4,197,TRI,ATL
3230725,-3,197,TRI,ATL
3240725,-1,197,TRI,ATL
3250725,-11,197,TRI,ATL
3260725,0,197,TRI,ATL
3270725,-2,197,TRI,ATL
3280725,-1,197,TRI,ATL
3290725,3,197,TRI,ATL
3300725,11,197,TRI,ATL
3310725,-6,197,TRI,ATL
3011305,-10,197,TRI,ATL
3011715,-14,197,TRI,ATL
3011507,8,197,TRI,ATL
3011035,-13,197,TRI,ATL
3021327,-9,197,TRI,ATL
3020835,-8,197,TRI,ATL
3021655,-9,197,TRI,ATL
3031327,-4,197,TRI,ATL
3030940,-5,197,TRI,ATL
3030545,-7,197,TRI,ATL
3030835,51,197,TRI,ATL
3031655,-6,197,TRI,ATL
3031501,44,197,TRI,ATL
3041327,-7,197,TRI,ATL
3040940,-12,197,TRI,ATL
3040545,-6,197,TRI,ATL
3040835,-10,197,TRI,ATL
3041655,-8,197,TRI,ATL
3041501,19,197,TRI,ATL
3051327,-4,197,TRI,ATL
3050940,-11,197,TRI,ATL
3050545,-5,197,TRI,ATL
3050835,21,197,TRI,ATL
3051655,-1,197,TRI,ATL
3051501,-7,197,TRI,ATL
3061327,33,197,TRI,ATL
3060940,178,197,TRI,ATL
3060545,-3,197,TRI,ATL
3060835,13,197,TRI,ATL
3061655,153,197,TRI,ATL
3061501,30,197,TRI,ATL
3071327,-3,197,TRI,ATL
3070940,45,197,TRI,ATL
3070545,0,197,TRI,ATL
3070835,-5,197,TRI,ATL
3071655,-10,197,TRI,ATL
3071501,17,197,TRI,ATL
3081035,-14,197,TRI,ATL
3080545,0,197,TRI,ATL
3080835,-10,197,TRI,ATL
3081510,86,197,TRI,ATL
3091327,70,197,TRI,ATL
3090940,-8,197,TRI,ATL
3090835,-6,197,TRI,ATL
3091655,-14,197,TRI,ATL
3091446,-13,197,TRI,ATL
3101327,-7,197,TRI,ATL
3100940,-9,197,TRI,ATL
3100545,-12,197,TRI,ATL
3100835,-11,197,TRI,ATL
3101655,-8,197,TRI,ATL
3101501,-10,197,TRI,ATL
3111327,-5,197,TRI,ATL
3110940,13,197,TRI,ATL
3110545,-7,197,TRI,ATL
3110835,-11,197,TRI,ATL
3111655,-4,197,TRI,ATL
3111501,-8,197,TRI,ATL
3121327,-1,197,TRI,ATL
3120940,-5,197,TRI,ATL
3120545,0,197,TRI,ATL
3120835,-7,197,TRI,ATL
3121655,23,197,TRI,ATL
3121501,-9,197,TRI,ATL
3131327,58,197,TRI,ATL
3130940,-8,197,TRI,ATL
3130545,-7,197,TRI,ATL
3130835,-10,197,TRI,ATL
3131655,-7,197,TRI,ATL
3131501,-5,197,TRI,ATL
3141327,-4,197,TRI,ATL
3140940,-5,197,TRI,ATL
3140545,119,197,TRI,ATL
3140835,38,197,TRI,ATL
3141655,-9,197,TRI,ATL
3141501,61,197,TRI,ATL
3151035,-7,197,TRI,ATL
3150545,-5,197,TRI,ATL
3150835,-7,197,TRI,ATL
3151510,-5,197,TRI,ATL
3161327,-3,197,TRI,ATL
3160940,-3,197,TRI,ATL
3160835,-3,197,TRI,ATL
3161655,-12,197,TRI,ATL
3161446,-5,197,TRI,ATL
3171327,39,197,TRI,ATL
3170940,-5,197,TRI,ATL
3170545,14,197,TRI,ATL
3170835,-5,197,TRI,ATL
3171655,-5,197,TRI,ATL
3171501,-4,197,TRI,ATL
3181327,-6,197,TRI,ATL
3180940,81,197,TRI,ATL
3180545,-9,197,TRI,ATL
3180835,-4,197,TRI,ATL
3181655,-9,197,TRI,ATL
3181501,67,197,TRI,ATL
3191327,18,197,TRI,ATL
3190940,-5,197,TRI,ATL
3190545,-3,197,TRI,ATL
3190835,-9,197,TRI,ATL
3191655,0,197,TRI,ATL
3191501,-8,197,TRI,ATL
3201327,-5,197,TRI,ATL
3200940,-5,197,TRI,ATL
3200545,-7,197,TRI,ATL
3200835,-4,197,TRI,ATL
3201655,-1,197,TRI,ATL
3201501,-10,197,TRI,ATL
3211327,-6,197,TRI,ATL
3210940,-5,197,TRI,ATL
3210545,-11,197,TRI,ATL
3210835,-5,197,TRI,ATL
3211655,22,197,TRI,ATL
3211501,-5,197,TRI,ATL
3221035,-7,197,TRI,ATL
3220545,-5,197,TRI,ATL
3220835,-7,197,TRI,ATL
3221510,-8,197,TRI,ATL
3231327,-6,197,TRI,ATL
3230929,-5,197,TRI,ATL
3230835,-5,197,TRI,ATL
3231655,-5,197,TRI,ATL
3231446,-7,197,TRI,ATL
3241327,-5,197,TRI,ATL
3240940,19,197,TRI,ATL
3240545,-9,197,TRI,ATL
3240835,-4,197,TRI,ATL
3241655,-6,197,TRI,ATL
3241501,-7,197,TRI,ATL
3251327,-7,197,TRI,ATL
3250940,0,197,TRI,ATL
3250545,-13,197,TRI,ATL
3250835,-5,197,TRI,ATL
3251655,-11,197,TRI,ATL
3251501,3,197,TRI,ATL
3261327,-2,197,TRI,ATL
3260940,24,197,TRI,ATL
3260545,-10,197,TRI,ATL
3260835,-6,197,TRI,ATL
3261655,0,197,TRI,ATL
3261501,-9,197,TRI,ATL
3271327,-6,197,TRI,ATL
3270940,-7,197,TRI,ATL
3270545,-5,197,TRI,ATL
3270835,0,197,TRI,ATL
3271655,-3,197,TRI,ATL
3271501,15,197,TRI,ATL
3281327,-7,197,TRI,ATL
3280940,-11,197,TRI,ATL
3280545,-8,197,TRI,ATL
3280835,-1,197,TRI,ATL
3281655,-5,197,TRI,ATL
3281501,-9,197,TRI,ATL
3291035,-5,197,TRI,ATL
3290545,-4,197,TRI,ATL
3290835,-9,197,TRI,ATL
3291510,49,197,TRI,ATL
3301327,15,197,TRI,ATL
3300940,-2,197,TRI,ATL
3300835,-5,197,TRI,ATL
3301655,-5,197,TRI,ATL
3301446,-8,197,TRI,ATL
3311327,68,197,TRI,ATL
3310940,-10,197,TRI,ATL
3310545,-12,197,TRI,ATL
3310835,-13,197,TRI,ATL
3311655,4,197,TRI,ATL
3311501,4,197,TRI,ATL
3010600,6,586,TUL,ATL
3020600,8,586,TUL,ATL
3030600,185,586,TUL,ATL
3040600,3,586,TUL,ATL
3050600,0,586,TUL,ATL
3060600,0,586,TUL,ATL
3070600,-5,586,TUL,ATL
3080605,-1,586,TUL,ATL
3090600,-3,586,TUL,ATL
3100600,-1,586,TUL,ATL
3110600,-4,586,TUL,ATL
3120600,6,586,TUL,ATL
3130600,2,586,TUL,ATL
3140600,12,586,TUL,ATL
3150605,0,586,TUL,ATL
3160600,11,586,TUL,ATL
3170600,0,586,TUL,ATL
3180600,10,586,TUL,ATL
3190600,0,586,TUL,ATL
3200600,2,586,TUL,ATL
3210600,3,586,TUL,ATL
3220605,2,586,TUL,ATL
3230600,-3,586,TUL,ATL
3240600,1,586,TUL,ATL
3250600,-2,586,TUL,ATL
3260600,0,586,TUL,ATL
3270600,1,586,TUL,ATL
3280600,8,586,TUL,ATL
3290605,-5,586,TUL,ATL
3300600,-5,586,TUL,ATL
3310600,-4,586,TUL,ATL
3011246,0,586,TUL,ATL
3011759,130,586,TUL,ATL
3021800,42,586,TUL,ATL
3021605,404,586,TUL,ATL
3021012,127,586,TUL,ATL
3021241,0,586,TUL,ATL
3031800,21,586,TUL,ATL
3031605,-8,586,TUL,ATL
3031012,43,586,TUL,ATL
3031241,93,586,TUL,ATL
3041800,19,586,TUL,ATL
3041605,-4,586,TUL,ATL
3041012,4,586,TUL,ATL
3041241,16,586,TUL,ATL
3051800,11,586,TUL,ATL
3051605,-9,586,TUL,ATL
3051012,-5,586,TUL,ATL
3051241,-3,586,TUL,ATL
3061800,-7,586,TUL,ATL
3061605,-9,586,TUL,ATL
3061012,88,586,TUL,ATL
3061241,78,586,TUL,ATL
3071800,-3,586,TUL,ATL
3071605,32,586,TUL,ATL
3071012,-10,586,TUL,ATL
3071241,-1,586,TUL,ATL
3081650,68,586,TUL,ATL
3081241,15,586,TUL,ATL
3091800,-5,586,TUL,ATL
3091605,3,586,TUL,ATL
3091012,-11,586,TUL,ATL
3091241,-6,586,TUL,ATL
3101800,-9,586,TUL,ATL
3101605,-12,586,TUL,ATL
3101012,-11,586,TUL,ATL
3101241,-5,586,TUL,ATL
3111800,1,586,TUL,ATL
3111605,-2,586,TUL,ATL
3111012,-7,586,TUL,ATL
3111241,-9,586,TUL,ATL
3121800,340,586,TUL,ATL
3121605,-11,586,TUL,ATL
3121012,-5,586,TUL,ATL
3121241,-7,586,TUL,ATL
3131800,5,586,TUL,ATL
3131605,6,586,TUL,ATL
3131012,21,586,TUL,ATL
3131241,91,586,TUL,ATL
3141800,77,586,TUL,ATL
3141605,129,586,TUL,ATL
3141012,10,586,TUL,ATL
3141241,-2,586,TUL,ATL
3151650,-1,586,TUL,ATL
3151241,40,586,TUL,ATL
3161800,5,586,TUL,ATL
3161605,0,586,TUL,ATL
3161012,11,586,TUL,ATL
3161241,-5,586,TUL,ATL
3171800,0,586,TUL,ATL
3171605,76,586,TUL,ATL
3171012,91,586,TUL,ATL
3171241,125,586,TUL,ATL
3181800,187,586,TUL,ATL
3181605,68,586,TUL,ATL
3181012,27,586,TUL,ATL
3181241,2,586,TUL,ATL
3191800,80,586,TUL,ATL
3191605,-3,586,TUL,ATL
3191012,0,586,TUL,ATL
3191241,117,586,TUL,ATL
3201800,-10,586,TUL,ATL
3201605,20,586,TUL,ATL
3201012,28,586,TUL,ATL
3201241,-1,586,TUL,ATL
3211800,-3,586,TUL,ATL
3211605,0,586,TUL,ATL
3211012,36,586,TUL,ATL
3211241,133,586,TUL,ATL
3221650,6,586,TUL,ATL
3221012,-3,586,TUL,ATL
3221241,-12,586,TUL,ATL
3231807,18,586,TUL,ATL
3231605,97,586,TUL,ATL
3231012,5,586,TUL,ATL
3231241,6,586,TUL,ATL
3241800,112,586,TUL,ATL
3241605,-4,586,TUL,ATL
3241012,32,586,TUL,ATL
3241241,159,586,TUL,ATL
3251800,0,586,TUL,ATL
3251605,-7,586,TUL,ATL
3251012,15,586,TUL,ATL
3251241,3,586,TUL,ATL
3261800,-9,586,TUL,ATL
3261605,38,586,TUL,ATL
3261012,-5,586,TUL,ATL
3261241,-7,586,TUL,ATL
3271800,28,586,TUL,ATL
3271605,-5,586,TUL,ATL
3271012,0,586,TUL,ATL
3271241,28,586,TUL,ATL
3281800,-5,586,TUL,ATL
3281605,70,586,TUL,ATL
3281012,4,586,TUL,ATL
3281241,-5,586,TUL,ATL
3291650,0,586,TUL,ATL
3291012,-7,586,TUL,ATL
3291241,50,586,TUL,ATL
3301807,-2,586,TUL,ATL
3301605,-5,586,TUL,ATL
3301012,35,586,TUL,ATL
3301241,371,586,TUL,ATL
3311800,-6,586,TUL,ATL
3311605,-6,586,TUL,ATL
3311012,-6,586,TUL,ATL
3311241,16,586,TUL,ATL
3010800,-5,1339,TUS,ATL
3021342,7,1339,TUS,ATL
3020700,26,1339,TUS,ATL
3031342,0,1339,TUS,ATL
3030700,-1,1339,TUS,ATL
3041342,-1,1339,TUS,ATL
3040700,-4,1339,TUS,ATL
3051342,10,1339,TUS,ATL
3050700,-7,1339,TUS,ATL
3061342,-5,1339,TUS,ATL
3060700,-4,1339,TUS,ATL
3071342,-7,1339,TUS,ATL
3070700,-4,1339,TUS,ATL
3080700,-8,1339,TUS,ATL
3081342,-2,1339,TUS,ATL
3090600,2,1339,TUS,ATL
3091242,-9,1339,TUS,ATL
3100600,-4,1339,TUS,ATL
3101242,-2,1339,TUS,ATL
3110600,-5,1339,TUS,ATL
3111242,5,1339,TUS,ATL
3120600,16,1339,TUS,ATL
3121242,29,1339,TUS,ATL
3130600,-5,1339,TUS,ATL
3131242,-5,1339,TUS,ATL
3140600,10,1339,TUS,ATL
3141242,7,1339,TUS,ATL
3150600,-5,1339,TUS,ATL
3151242,14,1339,TUS,ATL
3160600,-6,1339,TUS,ATL
3161242,273,1339,TUS,ATL
3170600,1,1339,TUS,ATL
3171242,1,1339,TUS,ATL
3180600,-3,1339,TUS,ATL
3181242,-1,1339,TUS,ATL
3190600,-3,1339,TUS,ATL
3191242,3,1339,TUS,ATL
3200600,2,1339,TUS,ATL
3201242,-5,1339,TUS,ATL
3210600,-5,1339,TUS,ATL
3211242,7,1339,TUS,ATL
3220600,-7,1339,TUS,ATL
3221242,-3,1339,TUS,ATL
3230600,-3,1339,TUS,ATL
3231242,6,1339,TUS,ATL
3240600,-3,1339,TUS,ATL
3241242,16,1339,TUS,ATL
3250600,-3,1339,TUS,ATL
3251242,-1,1339,TUS,ATL
3260600,1,1339,TUS,ATL
3261242,18,1339,TUS,ATL
3270600,1,1339,TUS,ATL
3271242,0,1339,TUS,ATL
3280600,-1,1339,TUS,ATL
3281242,0,1339,TUS,ATL
3290600,-2,1339,TUS,ATL
3291242,-6,1339,TUS,ATL
3300600,699,1339,TUS,ATL
3301242,-2,1339,TUS,ATL
3310600,-1,1339,TUS,ATL
3311242,-6,1339,TUS,ATL
3010650,-1,132,TYS,ATL
3020750,0,132,TYS,ATL
3021117,-1,132,TYS,ATL
3020640,-1,132,TYS,ATL
3031117,-2,132,TYS,ATL
3041117,2,132,TYS,ATL
3040640,-3,132,TYS,ATL
3051117,-6,132,TYS,ATL
3061117,-6,132,TYS,ATL
3071117,2,132,TYS,ATL
3081117,-8,132,TYS,ATL
3101117,12,132,TYS,ATL
3111117,-6,132,TYS,ATL
3121117,28,132,TYS,ATL
3131117,-1,132,TYS,ATL
3141117,0,132,TYS,ATL
3151117,-3,132,TYS,ATL
3160640,8,132,TYS,ATL
3171117,2,132,TYS,ATL
3170640,2,132,TYS,ATL
3181117,-1,132,TYS,ATL
3180640,-4,132,TYS,ATL
3191117,4,132,TYS,ATL
3190640,-5,132,TYS,ATL
3201117,-2,132,TYS,ATL
3200640,-3,132,TYS,ATL
3211117,-9,132,TYS,ATL
3210640,0,132,TYS,ATL
3221117,1,132,TYS,ATL
3220640,-3,132,TYS,ATL
3230640,0,132,TYS,ATL
3241117,10,132,TYS,ATL
3240640,1,132,TYS,ATL
3251117,27,132,TYS,ATL
3250640,1,132,TYS,ATL
3261117,6,132,TYS,ATL
3260640,-2,132,TYS,ATL
3271117,0,132,TYS,ATL
3270640,1,132,TYS,ATL
3281117,21,132,TYS,ATL
3280640,-6,132,TYS,ATL
3291117,-2,132,TYS,ATL
3290640,-4,132,TYS,ATL
3300640,-2,132,TYS,ATL
3311117,-3,132,TYS,ATL
3310640,-3,132,TYS,ATL
3011300,-9,132,TYS,ATL
3011118,17,132,TYS,ATL
3021505,-4,132,TYS,ATL
3021401,-3,132,TYS,ATL
3021845,49,132,TYS,ATL
3020932,-11,132,TYS,ATL
3031505,-2,132,TYS,ATL
3031401,1,132,TYS,ATL
3031845,19,132,TYS,ATL
3030932,-6,132,TYS,ATL
3041505,51,132,TYS,ATL
3041401,79,132,TYS,ATL
3041845,1,132,TYS,ATL
3040932,-3,132,TYS,ATL
3051505,-9,132,TYS,ATL
3051401,-5,132,TYS,ATL
3051845,5,132,TYS,ATL
3050928,-9,132,TYS,ATL
3061505,3,132,TYS,ATL
3061401,23,132,TYS,ATL
3061845,29,132,TYS,ATL
3060932,-6,132,TYS,ATL
3071505,6,132,TYS,ATL
3071401,-9,132,TYS,ATL
3071845,52,132,TYS,ATL
3070932,84,132,TYS,ATL
3091505,13,132,TYS,ATL
3091401,-2,132,TYS,ATL
3091845,-5,132,TYS,ATL
3091117,0,132,TYS,ATL
3090932,-9,132,TYS,ATL
3101505,-10,132,TYS,ATL
3101401,-4,132,TYS,ATL
3101845,-8,132,TYS,ATL
3100932,21,132,TYS,ATL
3101013,45,132,TYS,ATL
3111505,-2,132,TYS,ATL
3111401,-1,132,TYS,ATL
3111845,-6,132,TYS,ATL
3110932,-7,132,TYS,ATL
3121505,6,132,TYS,ATL
3121401,53,132,TYS,ATL
3121845,-12,132,TYS,ATL
3120928,-4,132,TYS,ATL
3131505,39,132,TYS,ATL
3131401,-3,132,TYS,ATL
3131845,-13,132,TYS,ATL
3130932,-7,132,TYS,ATL
3141505,0,132,TYS,ATL
3141401,-13,132,TYS,ATL
3141845,-5,132,TYS,ATL
3140932,-6,132,TYS,ATL
3161505,28,132,TYS,ATL
3161401,6,132,TYS,ATL
3161845,-8,132,TYS,ATL
3161117,-6,132,TYS,ATL
3160932,-2,132,TYS,ATL
3171505,-6,132,TYS,ATL
3171401,-3,132,TYS,ATL
3171845,51,132,TYS,ATL
3170932,-19,132,TYS,ATL
3181505,-7,132,TYS,ATL
3181401,-6,132,TYS,ATL
3181845,7,132,TYS,ATL
3180932,-6,132,TYS,ATL
3191505,-5,132,TYS,ATL
3191401,164,132,TYS,ATL
3191845,11,132,TYS,ATL
3190928,-7,132,TYS,ATL
3201505,-10,132,TYS,ATL
3201401,-7,132,TYS,ATL
3201845,-5,132,TYS,ATL
3200932,-5,132,TYS,ATL
3211505,-2,132,TYS,ATL
3211401,-6,132,TYS,ATL
3211845,32,132,TYS,ATL
3210932,-7,132,TYS,ATL
3231505,-2,132,TYS,ATL
3231401,1,132,TYS,ATL
3231845,-6,132,TYS,ATL
3231117,-6,132,TYS,ATL
3230932,98,132,TYS,ATL
3241505,47,132,TYS,ATL
3241401,4,132,TYS,ATL
3241845,-8,132,TYS,ATL
3240932,15,132,TYS,ATL
3251505,-5,132,TYS,ATL
3251401,-6,132,TYS,ATL
3251845,0,132,TYS,ATL
3250932,9,132,TYS,ATL
3261505,-5,132,TYS,ATL
3261401,40,132,TYS,ATL
3261845,-3,132,TYS,ATL
3260928,-5,132,TYS,ATL
3271505,-8,132,TYS,ATL
3271401,14,132,TYS,ATL
3271845,-7,132,TYS,ATL
3270932,-5,132,TYS,ATL
3281505,-5,132,TYS,ATL
3281401,5,132,TYS,ATL
3281845,-7,132,TYS,ATL
3280932,-5,132,TYS,ATL
3301505,-8,132,TYS,ATL
3301401,33,132,TYS,ATL
3301845,-5,132,TYS,ATL
3301117,-3,132,TYS,ATL
3300932,-9,132,TYS,ATL
3311505,-6,132,TYS,ATL
3311401,-3,132,TYS,ATL
3311845,80,132,TYS,ATL
3310930,-6,132,TYS,ATL
3011415,-8,181,VLD,ATL
3010700,-5,181,VLD,ATL
3021111,-5,181,VLD,ATL
3021712,-6,181,VLD,ATL
3020629,-3,181,VLD,ATL
3031111,83,181,VLD,ATL
3031712,-9,181,VLD,ATL
3030629,-3,181,VLD,ATL
3041111,-8,181,VLD,ATL
3041712,-6,181,VLD,ATL
3040629,-5,181,VLD,ATL
3051111,26,181,VLD,ATL
3051712,18,181,VLD,ATL
3050629,-9,181,VLD,ATL
3061111,4,181,VLD,ATL
3061712,-2,181,VLD,ATL
3060629,-2,181,VLD,ATL
3071111,-4,181,VLD,ATL
3071712,64,181,VLD,ATL
3070629,-2,181,VLD,ATL
3081415,-5,181,VLD,ATL
3080700,-3,181,VLD,ATL
3091111,-9,181,VLD,ATL
3091712,-2,181,VLD,ATL
3090629,0,181,VLD,ATL
3101111,61,181,VLD,ATL
3101712,-4,181,VLD,ATL
3100629,-9,181,VLD,ATL
3111111,-5,181,VLD,ATL
3111712,19,181,VLD,ATL
3110629,-4,181,VLD,ATL
3121111,-7,181,VLD,ATL
3121712,-4,181,VLD,ATL
3120629,-9,181,VLD,ATL
3131111,-8,181,VLD,ATL
3131712,14,181,VLD,ATL
3130629,-4,181,VLD,ATL
3141111,90,181,VLD,ATL
3141712,-4,181,VLD,ATL
3140629,0,181,VLD,ATL
3151415,-4,181,VLD,ATL
3150700,-2,181,VLD,ATL
3161111,-7,181,VLD,ATL
3161712,195,181,VLD,ATL
3160629,-6,181,VLD,ATL
3171111,0,181,VLD,ATL
3171712,74,181,VLD,ATL
3170629,-4,181,VLD,ATL
3181111,24,181,VLD,ATL
3181712,-3,181,VLD,ATL
3180629,-5,181,VLD,ATL
3191111,-7,181,VLD,ATL
3191712,1,181,VLD,ATL
3190629,-7,181,VLD,ATL
3201111,9,181,VLD,ATL
3201712,-5,181,VLD,ATL
3200629,-4,181,VLD,ATL
3211111,-5,181,VLD,ATL
3211712,-3,181,VLD,ATL
3210629,-5,181,VLD,ATL
3221415,-8,181,VLD,ATL
3220700,-7,181,VLD,ATL
3231111,-10,181,VLD,ATL
3231712,74,181,VLD,ATL
3230629,105,181,VLD,ATL
3241111,-4,181,VLD,ATL
3241712,-3,181,VLD,ATL
3240629,-7,181,VLD,ATL
3251111,-7,181,VLD,ATL
3251712,-7,181,VLD,ATL
3250629,-7,181,VLD,ATL
3261111,-3,181,VLD,ATL
3261712,-5,181,VLD,ATL
3260629,-6,181,VLD,ATL
3271111,-7,181,VLD,ATL
3271712,-5,181,VLD,ATL
3270629,-5,181,VLD,ATL
3281111,-9,181,VLD,ATL
3281712,-5,181,VLD,ATL
3280629,-6,181,VLD,ATL
3291300,-7,181,VLD,ATL
3290700,108,181,VLD,ATL
3301111,31,181,VLD,ATL
3301712,-3,181,VLD,ATL
3300629,-3,181,VLD,ATL
3311110,-5,181,VLD,ATL
3311712,30,181,VLD,ATL
3310629,-5,181,VLD,ATL
3010600,-4,217,VPS,ATL
3010715,-10,217,VPS,ATL
3021228,-4,217,VPS,ATL
3020715,-7,217,VPS,ATL
3020600,-2,217,VPS,ATL
3021008,-10,217,VPS,ATL
3021338,-4,217,VPS,ATL
3021740,-2,217,VPS,ATL
3031228,68,217,VPS,ATL
3031436,4,217,VPS,ATL
3030715,-12,217,VPS,ATL
3030600,-2,217,VPS,ATL
3031008,-3,217,VPS,ATL
3031338,11,217,VPS,ATL
3031740,-1,217,VPS,ATL
3041228,-6,217,VPS,ATL
3041436,-1,217,VPS,ATL
3040715,-4,217,VPS,ATL
3040600,0,217,VPS,ATL
3041008,-1,217,VPS,ATL
3041338,-3,217,VPS,ATL
3041740,117,217,VPS,ATL
3051228,-1,217,VPS,ATL
3051436,-5,217,VPS,ATL
3050715,-5,217,VPS,ATL
3050600,-11,217,VPS,ATL
3051008,-5,217,VPS,ATL
3051338,-6,217,VPS,ATL
3051740,87,217,VPS,ATL
3061228,22,217,VPS,ATL
3061436,-10,217,VPS,ATL
3060715,-2,217,VPS,ATL
3060600,0,217,VPS,ATL
3061008,22,217,VPS,ATL
3061338,-7,217,VPS,ATL
3061740,9,217,VPS,ATL
3071228,-7,217,VPS,ATL
3071436,13,217,VPS,ATL
3070715,-5,217,VPS,ATL
3070600,5,217,VPS,ATL
3071008,-2,217,VPS,ATL
3071338,-6,217,VPS,ATL
3071740,-7,217,VPS,ATL
3081338,-5,217,VPS,ATL
3080715,-5,217,VPS,ATL
3081521,-12,217,VPS,ATL
3080600,-7,217,VPS,ATL
3081008,-4,217,VPS,ATL
3081740,-12,217,VPS,ATL
3091343,-5,217,VPS,ATL
3091228,8,217,VPS,ATL
3091436,-7,217,VPS,ATL
3090715,-3,217,VPS,ATL
3090600,-2,217,VPS,ATL
3091008,-7,217,VPS,ATL
3091740,4,217,VPS,ATL
3101228,-6,217,VPS,ATL
3101436,103,217,VPS,ATL
3100715,-9,217,VPS,ATL
3100600,-2,217,VPS,ATL
3101008,-5,217,VPS,ATL
3101338,-3,217,VPS,ATL
3101740,-11,217,VPS,ATL
3111228,-3,217,VPS,ATL
3111436,-6,217,VPS,ATL
3110715,-3,217,VPS,ATL
3110600,-5,217,VPS,ATL
3111008,-6,217,VPS,ATL
3111338,0,217,VPS,ATL
3111740,-7,217,VPS,ATL
3121228,0,217,VPS,ATL
3121436,-4,217,VPS,ATL
3120715,-6,217,VPS,ATL
3120600,-1,217,VPS,ATL
3121008,-6,217,VPS,ATL
3121338,-8,217,VPS,ATL
3121740,-1,217,VPS,ATL
3131228,0,217,VPS,ATL
3131436,9,217,VPS,ATL
3130715,2,217,VPS,ATL
3130600,-3,217,VPS,ATL
3131008,-2,217,VPS,ATL
3131338,21,217,VPS,ATL
3131740,-7,217,VPS,ATL
3141228,-6,217,VPS,ATL
3141436,-4,217,VPS,ATL
3140715,-5,217,VPS,ATL
3140600,-3,217,VPS,ATL
3141008,-2,217,VPS,ATL
3141338,-6,217,VPS,ATL
3141740,2,217,VPS,ATL
3151338,-3,217,VPS,ATL
3150715,-4,217,VPS,ATL
3150600,-1,217,VPS,ATL
3151008,3,217,VPS,ATL
3151740,-6,217,VPS,ATL
3161343,33,217,VPS,ATL
3161221,88,217,VPS,ATL
3161436,-4,217,VPS,ATL
3160715,-2,217,VPS,ATL
3160600,-2,217,VPS,ATL
3161008,-4,217,VPS,ATL
3161740,-4,217,VPS,ATL
3171221,-4,217,VPS,ATL
3171436,9,217,VPS,ATL
3170715,-5,217,VPS,ATL
3170600,-2,217,VPS,ATL
3171008,-3,217,VPS,ATL
3171338,-6,217,VPS,ATL
3171740,11,217,VPS,ATL
3181221,-7,217,VPS,ATL
3181436,-4,217,VPS,ATL
3180715,-4,217,VPS,ATL
3180600,-2,217,VPS,ATL
3181008,2,217,VPS,ATL
3181338,-7,217,VPS,ATL
3181740,-1,217,VPS,ATL
3191221,-7,217,VPS,ATL
3191436,-6,217,VPS,ATL
3190715,-5,217,VPS,ATL
3190600,4,217,VPS,ATL
3191008,-4,217,VPS,ATL
3191338,-1,217,VPS,ATL
3191740,-4,217,VPS,ATL
3201221,-2,217,VPS,ATL
3201436,2,217,VPS,ATL
3200715,-1,217,VPS,ATL
3200600,-3,217,VPS,ATL
3201008,-4,217,VPS,ATL
3201338,-9,217,VPS,ATL
3201740,-6,217,VPS,ATL
3211221,-8,217,VPS,ATL
3211436,14,217,VPS,ATL
3210715,-4,217,VPS,ATL
3210600,-4,217,VPS,ATL
3211008,-4,217,VPS,ATL
3211338,-6,217,VPS,ATL
3211740,-9,217,VPS,ATL
3221338,-9,217,VPS,ATL
3220715,-5,217,VPS,ATL
3220600,-4,217,VPS,ATL
3221008,89,217,VPS,ATL
3221740,-12,217,VPS,ATL
3231343,-8,217,VPS,ATL
3231805,-5,217,VPS,ATL
3231221,-1,217,VPS,ATL
3231425,-5,217,VPS,ATL
3230715,-4,217,VPS,ATL
3230600,0,217,VPS,ATL
3231008,-7,217,VPS,ATL
3241221,-7,217,VPS,ATL
3241436,-9,217,VPS,ATL
3240715,-1,217,VPS,ATL
3240600,-4,217,VPS,ATL
3241008,-8,217,VPS,ATL
3241338,-11,217,VPS,ATL
3241740,0,217,VPS,ATL
3251221,78,217,VPS,ATL
3251436,-9,217,VPS,ATL
3250715,-4,217,VPS,ATL
3250600,-4,217,VPS,ATL
3251008,-6,217,VPS,ATL
3251338,-3,217,VPS,ATL
3251740,-5,217,VPS,ATL
3261221,2,217,VPS,ATL
3261436,1,217,VPS,ATL
3260715,-6,217,VPS,ATL
3260600,-10,217,VPS,ATL
3261008,0,217,VPS,ATL
3261338,1,217,VPS,ATL
3261740,-7,217,VPS,ATL
3271221,40,217,VPS,ATL
3271436,-6,217,VPS,ATL
3270715,-10,217,VPS,ATL
3270600,-3,217,VPS,ATL
3271008,-2,217,VPS,ATL
3271338,34,217,VPS,ATL
3271740,-5,217,VPS,ATL
3281221,208,217,VPS,ATL
3281436,34,217,VPS,ATL
3280715,-5,217,VPS,ATL
3280600,-3,217,VPS,ATL
3281008,-11,217,VPS,ATL
3281338,55,217,VPS,ATL
3281740,-9,217,VPS,ATL
3291338,-5,217,VPS,ATL
3290715,-7,217,VPS,ATL
3290600,-5,217,VPS,ATL
3291008,-1,217,VPS,ATL
3291740,-6,217,VPS,ATL
3301343,4,217,VPS,ATL
3301221,-7,217,VPS,ATL
3301436,0,217,VPS,ATL
3300715,-8,217,VPS,ATL
3300600,-2,217,VPS,ATL
3301008,0,217,VPS,ATL
3301740,-6,217,VPS,ATL
3311221,-5,217,VPS,ATL
3311436,-6,217,VPS,ATL
3310715,-1,217,VPS,ATL
3310600,152,217,VPS,ATL
3311008,-1,217,VPS,ATL
3311338,-3,217,VPS,ATL
3311740,0,217,VPS,ATL
3011203,-10,217,VPS,ATL
3011435,2,217,VPS,ATL
3011021,-8,217,VPS,ATL
3021436,1,217,VPS,ATL
3081221,-6,217,VPS,ATL
3151432,-5,217,VPS,ATL
3151221,-11,217,VPS,ATL
3221432,-12,217,VPS,ATL
3221221,-10,217,VPS,ATL
3291432,-3,217,VPS,ATL
3291221,5,217,VPS,ATL
3011320,-11,512,XNA,ATL
3010724,-1,512,XNA,ATL
3011200,-3,512,XNA,ATL
3010600,-5,512,XNA,ATL
3021300,-5,512,XNA,ATL
3020724,0,512,XNA,ATL
3021811,0,512,XNA,ATL
3020927,56,512,XNA,ATL
3020600,0,512,XNA,ATL
3021500,0,512,XNA,ATL
3031300,225,512,XNA,ATL
3030724,12,512,XNA,ATL
3031811,30,512,XNA,ATL
3030927,238,512,XNA,ATL
3030600,27,512,XNA,ATL
3031500,1,512,XNA,ATL
3041300,11,512,XNA,ATL
3040724,0,512,XNA,ATL
3041811,-5,512,XNA,ATL
3040927,1,512,XNA,ATL
3040600,32,512,XNA,ATL
3041500,-7,512,XNA,ATL
3051300,-10,512,XNA,ATL
3050724,75,512,XNA,ATL
3051811,-3,512,XNA,ATL
3050927,-7,512,XNA,ATL
3050600,22,512,XNA,ATL
3051500,-12,512,XNA,ATL
3061300,57,512,XNA,ATL
3060724,10,512,XNA,ATL
3061811,81,512,XNA,ATL
3060927,-8,512,XNA,ATL
3060600,-1,512,XNA,ATL
3061500,8,512,XNA,ATL
3071300,0,512,XNA,ATL
3070724,-6,512,XNA,ATL
3071811,7,512,XNA,ATL
3070927,-10,512,XNA,ATL
3070600,-3,512,XNA,ATL
3071500,-4,512,XNA,ATL
3081300,0,512,XNA,ATL
3080724,-6,512,XNA,ATL
3080600,0,512,XNA,ATL
3081500,-15,512,XNA,ATL
3091300,0,512,XNA,ATL
3090724,-2,512,XNA,ATL
3091811,1,512,XNA,ATL
3090927,-4,512,XNA,ATL
3090600,-1,512,XNA,ATL
3091500,-5,512,XNA,ATL
3101300,-5,512,XNA,ATL
3100724,-6,512,XNA,ATL
3101811,-7,512,XNA,ATL
3100927,-1,512,XNA,ATL
3100600,-2,512,XNA,ATL
3101500,-5,512,XNA,ATL
3111300,-6,512,XNA,ATL
3110724,-8,512,XNA,ATL
3111811,10,512,XNA,ATL
3110927,-7,512,XNA,ATL
3110600,-3,512,XNA,ATL
3111500,-6,512,XNA,ATL
3121300,2,512,XNA,ATL
3120724,-11,512,XNA,ATL
3121811,47,512,XNA,ATL
3120927,-4,512,XNA,ATL
3120600,-4,512,XNA,ATL
3121500,-4,512,XNA,ATL
3131300,-13,512,XNA,ATL
3130724,24,512,XNA,ATL
3131816,-12,512,XNA,ATL
3130927,3,512,XNA,ATL
3130600,-1,512,XNA,ATL
3131500,-11,512,XNA,ATL
3141300,0,512,XNA,ATL
3140724,-8,512,XNA,ATL
3141811,-4,512,XNA,ATL
3140927,5,512,XNA,ATL
3140600,-6,512,XNA,ATL
3141500,105,512,XNA,ATL
3151300,36,512,XNA,ATL
3150724,-4,512,XNA,ATL
3150600,-5,512,XNA,ATL
3151500,88,512,XNA,ATL
3161300,-6,512,XNA,ATL
3160724,-3,512,XNA,ATL
3161818,-1,512,XNA,ATL
3160927,40,512,XNA,ATL
3160600,-4,512,XNA,ATL
3161500,406,512,XNA,ATL
3171300,-5,512,XNA,ATL
3170724,0,512,XNA,ATL
3171811,-5,512,XNA,ATL
3170927,12,512,XNA,ATL
3170600,-3,512,XNA,ATL
3171500,142,512,XNA,ATL
3181300,7,512,XNA,ATL
3180724,-5,512,XNA,ATL
3181811,58,512,XNA,ATL
3180927,-6,512,XNA,ATL
3180600,-2,512,XNA,ATL
3181500,-4,512,XNA,ATL
3191300,-1,512,XNA,ATL
3190724,-8,512,XNA,ATL
3191811,5,512,XNA,ATL
3190927,3,512,XNA,ATL
3190600,-1,512,XNA,ATL
3191500,-8,512,XNA,ATL
3201300,0,512,XNA,ATL
3200724,-11,512,XNA,ATL
3201811,-5,512,XNA,ATL
3200927,-7,512,XNA,ATL
3200600,-1,512,XNA,ATL
3201500,-6,512,XNA,ATL
3201910,27,512,XNA,ATL
3211300,-5,512,XNA,ATL
3210724,-11,512,XNA,ATL
3211811,-5,512,XNA,ATL
3210927,-3,512,XNA,ATL
3210600,1,512,XNA,ATL
3211500,-5,512,XNA,ATL
3221300,19,512,XNA,ATL
3220724,-4,512,XNA,ATL
3220600,-5,512,XNA,ATL
3221500,-4,512,XNA,ATL
3231300,0,512,XNA,ATL
3230724,-2,512,XNA,ATL
3231811,49,512,XNA,ATL
3230927,0,512,XNA,ATL
3230600,-3,512,XNA,ATL
3231500,-11,512,XNA,ATL
3241300,0,512,XNA,ATL
3240724,60,512,XNA,ATL
3241811,115,512,XNA,ATL
3240927,19,512,XNA,ATL
3240600,-5,512,XNA,ATL
3241500,-9,512,XNA,ATL
3251300,7,512,XNA,ATL
3250724,-9,512,XNA,ATL
3251811,22,512,XNA,ATL
3250927,2,512,XNA,ATL
3250600,-1,512,XNA,ATL
3251500,-10,512,XNA,ATL
3261300,-8,512,XNA,ATL
3260724,-9,512,XNA,ATL
3261811,-15,512,XNA,ATL
3260927,-3,512,XNA,ATL
3260600,-1,512,XNA,ATL
3261500,-7,512,XNA,ATL
3271300,-7,512,XNA,ATL
3270724,-5,512,XNA,ATL
3271811,-6,512,XNA,ATL
3270927,19,512,XNA,ATL
3270600,-7,512,XNA,ATL
3271500,-9,512,XNA,ATL
3281300,-11,512,XNA,ATL
3280724,-4,512,XNA,ATL
3281811,-6,512,XNA,ATL
3280927,-1,512,XNA,ATL
3280600,1,512,XNA,ATL
3281500,-10,512,XNA,ATL
3291300,-2,512,XNA,ATL
3290724,-5,512,XNA,ATL
3290600,-8,512,XNA,ATL
3291500,-6,512,XNA,ATL
3301300,51,512,XNA,ATL
3300724,-13,512,XNA,ATL
3301811,-5,512,XNA,ATL
3300927,23,512,XNA,ATL
3300600,-7,512,XNA,ATL
3301500,19,512,XNA,ATL
3311300,-11,512,XNA,ATL
3310724,-10,512,XNA,ATL
3311811,30,512,XNA,ATL
3310927,-4,512,XNA,ATL
3310600,-5,512,XNA,ATL
3311500,-7,512,XNA,ATL
